[0m15:08:40.721304 [debug] [MainThread]: Sending event: {'category': 'dbt', 'action': 'invocation', 'label': 'start', 'context': [<snowplow_tracker.self_describing_json.SelfDescribingJson object at 0x7a6dbba60880>, <snowplow_tracker.self_describing_json.SelfDescribingJson object at 0x7a6db9bd7430>, <snowplow_tracker.self_describing_json.SelfDescribingJson object at 0x7a6db9bd6d70>]}


============================== 15:08:40.724816 | 9bc84ccc-756a-4bc6-a5a8-2688e26c0454 ==============================
[0m15:08:40.724816 [info ] [MainThread]: Running with dbt=1.8.0
[0m15:08:40.725388 [debug] [MainThread]: running dbt with arguments {'printer_width': '80', 'indirect_selection': 'eager', 'write_json': 'True', 'log_cache_events': 'False', 'partial_parse': 'True', 'cache_selected_only': 'False', 'profiles_dir': '/home/usuario/examen_ing_de_sw_n_data_final/profiles', 'version_check': 'True', 'warn_error': 'None', 'log_path': '/home/usuario/examen_ing_de_sw_n_data_final/dbt/logs', 'fail_fast': 'False', 'debug': 'False', 'use_colors': 'True', 'use_experimental_parser': 'False', 'no_print': 'None', 'quiet': 'False', 'warn_error_options': 'WarnErrorOptions(include=[], exclude=[])', 'introspect': 'True', 'log_format': 'default', 'static_parser': 'True', 'target_path': 'None', 'invocation_command': 'dbt run --project-dir /home/usuario/examen_ing_de_sw_n_data_final/dbt', 'send_anonymous_usage_stats': 'True'}
[0m15:08:41.236520 [debug] [MainThread]: Sending event: {'category': 'dbt', 'action': 'project_id', 'label': '9bc84ccc-756a-4bc6-a5a8-2688e26c0454', 'context': [<snowplow_tracker.self_describing_json.SelfDescribingJson object at 0x7a6dbb9021a0>]}
[0m15:08:41.298455 [debug] [MainThread]: Sending event: {'category': 'dbt', 'action': 'adapter_info', 'label': '9bc84ccc-756a-4bc6-a5a8-2688e26c0454', 'context': [<snowplow_tracker.self_describing_json.SelfDescribingJson object at 0x7a6db9b43790>]}
[0m15:08:41.300525 [info ] [MainThread]: Registered adapter: duckdb=1.8.0
[0m15:08:41.388899 [debug] [MainThread]: checksum: dbb12d416fdb55e3665e4828703bbedf40c5c90ed7ca6ff39bbbfb29b12b0a92, vars: {}, profile: , target: , version: 1.8.0
[0m15:08:41.389907 [info ] [MainThread]: Unable to do partial parsing because saved manifest not found. Starting full parse.
[0m15:08:41.390386 [debug] [MainThread]: Sending event: {'category': 'dbt', 'action': 'partial_parser', 'label': '9bc84ccc-756a-4bc6-a5a8-2688e26c0454', 'context': [<snowplow_tracker.self_describing_json.SelfDescribingJson object at 0x7a6db9a3ed10>]}
[0m15:08:42.561965 [warn ] [MainThread]: [[33mWARNING[0m]: Deprecated functionality
The `tests` config has been renamed to `data_tests`. Please see
https://docs.getdbt.com/docs/build/data-tests#new-data_tests-syntax for more
information.
[0m15:08:42.562566 [debug] [MainThread]: Sending event: {'category': 'dbt', 'action': 'deprecation', 'label': '9bc84ccc-756a-4bc6-a5a8-2688e26c0454', 'property_': 'warn', 'context': [<snowplow_tracker.self_describing_json.SelfDescribingJson object at 0x7a6db1f08730>]}
[0m15:08:42.827377 [debug] [MainThread]: Sending event: {'category': 'dbt', 'action': 'load_project', 'label': '9bc84ccc-756a-4bc6-a5a8-2688e26c0454', 'context': [<snowplow_tracker.self_describing_json.SelfDescribingJson object at 0x7a6d83a9dc30>]}
[0m15:08:42.962099 [debug] [MainThread]: Sending event: {'category': 'dbt', 'action': 'resource_counts', 'label': '9bc84ccc-756a-4bc6-a5a8-2688e26c0454', 'context': [<snowplow_tracker.self_describing_json.SelfDescribingJson object at 0x7a6d83a6aad0>]}
[0m15:08:42.962769 [info ] [MainThread]: Found 2 models, 16 data tests, 422 macros
[0m15:08:42.963221 [debug] [MainThread]: Sending event: {'category': 'dbt', 'action': 'runnable_timing', 'label': '9bc84ccc-756a-4bc6-a5a8-2688e26c0454', 'context': [<snowplow_tracker.self_describing_json.SelfDescribingJson object at 0x7a6d83a6ad10>]}
[0m15:08:42.965259 [info ] [MainThread]: 
[0m15:08:42.966055 [debug] [MainThread]: Acquiring new duckdb connection 'master'
[0m15:08:42.972289 [debug] [ThreadPool]: Acquiring new duckdb connection 'list_medallion'
[0m15:08:43.025780 [debug] [ThreadPool]: Using duckdb connection "list_medallion"
[0m15:08:43.026589 [debug] [ThreadPool]: On list_medallion: /* {"app": "dbt", "dbt_version": "1.8.0", "profile_name": "medallion_duckdb", "target_name": "dev", "connection_name": "list_medallion"} */

    
    select schema_name
    from system.information_schema.schemata
    
    where catalog_name = '"medallion"'
    
  
  
[0m15:08:43.027388 [debug] [ThreadPool]: Opening a new connection, currently in state init
[0m15:08:45.330397 [debug] [ThreadPool]: SQL status: OK in 2.303 seconds
[0m15:08:45.332680 [debug] [ThreadPool]: On list_medallion: Close
[0m15:08:45.338059 [debug] [ThreadPool]: Re-using an available connection from the pool (formerly list_medallion, now create_medallion_main)
[0m15:08:45.338879 [debug] [ThreadPool]: Creating schema "database: "medallion"
schema: "main"
"
[0m15:08:45.349733 [debug] [ThreadPool]: Using duckdb connection "create_medallion_main"
[0m15:08:45.350427 [debug] [ThreadPool]: On create_medallion_main: /* {"app": "dbt", "dbt_version": "1.8.0", "profile_name": "medallion_duckdb", "target_name": "dev", "connection_name": "create_medallion_main"} */

    
        select type from duckdb_databases()
        where database_name='medallion'
        and type='sqlite'
    
  
[0m15:08:45.350969 [debug] [ThreadPool]: Opening a new connection, currently in state closed
[0m15:08:45.369126 [debug] [ThreadPool]: SQL status: OK in 0.018 seconds
[0m15:08:45.371040 [debug] [ThreadPool]: Using duckdb connection "create_medallion_main"
[0m15:08:45.371610 [debug] [ThreadPool]: On create_medallion_main: BEGIN
[0m15:08:45.372812 [debug] [ThreadPool]: SQL status: OK in 0.001 seconds
[0m15:08:45.373359 [debug] [ThreadPool]: Using duckdb connection "create_medallion_main"
[0m15:08:45.373848 [debug] [ThreadPool]: On create_medallion_main: /* {"app": "dbt", "dbt_version": "1.8.0", "profile_name": "medallion_duckdb", "target_name": "dev", "connection_name": "create_medallion_main"} */

    
    
        create schema if not exists "medallion"."main"
    
[0m15:08:45.375109 [debug] [ThreadPool]: SQL status: OK in 0.001 seconds
[0m15:08:45.376487 [debug] [ThreadPool]: On create_medallion_main: COMMIT
[0m15:08:45.377046 [debug] [ThreadPool]: Using duckdb connection "create_medallion_main"
[0m15:08:45.377563 [debug] [ThreadPool]: On create_medallion_main: COMMIT
[0m15:08:45.378714 [debug] [ThreadPool]: SQL status: OK in 0.001 seconds
[0m15:08:45.379344 [debug] [ThreadPool]: On create_medallion_main: Close
[0m15:08:45.384158 [debug] [ThreadPool]: Re-using an available connection from the pool (formerly create_medallion_main, now list_medallion_main)
[0m15:08:45.392782 [debug] [ThreadPool]: Using duckdb connection "list_medallion_main"
[0m15:08:45.393500 [debug] [ThreadPool]: On list_medallion_main: BEGIN
[0m15:08:45.394075 [debug] [ThreadPool]: Opening a new connection, currently in state closed
[0m15:08:45.413231 [debug] [ThreadPool]: SQL status: OK in 0.019 seconds
[0m15:08:45.414094 [debug] [ThreadPool]: Using duckdb connection "list_medallion_main"
[0m15:08:45.414678 [debug] [ThreadPool]: On list_medallion_main: /* {"app": "dbt", "dbt_version": "1.8.0", "profile_name": "medallion_duckdb", "target_name": "dev", "connection_name": "list_medallion_main"} */
select
      'medallion' as database,
      table_name as name,
      table_schema as schema,
      CASE table_type
        WHEN 'BASE TABLE' THEN 'table'
        WHEN 'VIEW' THEN 'view'
        WHEN 'LOCAL TEMPORARY' THEN 'table'
        END as type
    from system.information_schema.tables
    where table_schema = 'main'
    and table_catalog = 'medallion'
  
[0m15:08:45.437019 [debug] [ThreadPool]: SQL status: OK in 0.022 seconds
[0m15:08:45.438971 [debug] [ThreadPool]: On list_medallion_main: ROLLBACK
[0m15:08:45.440807 [debug] [ThreadPool]: Failed to rollback 'list_medallion_main'
[0m15:08:45.441400 [debug] [ThreadPool]: On list_medallion_main: Close
[0m15:08:45.446486 [debug] [MainThread]: Sending event: {'category': 'dbt', 'action': 'runnable_timing', 'label': '9bc84ccc-756a-4bc6-a5a8-2688e26c0454', 'context': [<snowplow_tracker.self_describing_json.SelfDescribingJson object at 0x7a6d83906bf0>]}
[0m15:08:45.447461 [debug] [MainThread]: Using duckdb connection "master"
[0m15:08:45.448058 [debug] [MainThread]: On master: BEGIN
[0m15:08:45.448499 [debug] [MainThread]: Opening a new connection, currently in state init
[0m15:08:45.466067 [debug] [MainThread]: SQL status: OK in 0.017 seconds
[0m15:08:45.466909 [debug] [MainThread]: On master: COMMIT
[0m15:08:45.467410 [debug] [MainThread]: Using duckdb connection "master"
[0m15:08:45.467802 [debug] [MainThread]: On master: COMMIT
[0m15:08:45.468874 [debug] [MainThread]: SQL status: OK in 0.001 seconds
[0m15:08:45.469395 [debug] [MainThread]: On master: Close
[0m15:08:45.472406 [info ] [MainThread]: Concurrency: 4 threads (target='dev')
[0m15:08:45.473047 [info ] [MainThread]: 
[0m15:08:45.479216 [debug] [Thread-1 (]: Began running node model.medallion_dbt.stg_transactions
[0m15:08:45.480411 [info ] [Thread-1 (]: 1 of 2 START sql view model main.stg_transactions .............................. [RUN]
[0m15:08:45.481380 [debug] [Thread-1 (]: Acquiring new duckdb connection 'model.medallion_dbt.stg_transactions'
[0m15:08:45.481924 [debug] [Thread-1 (]: Began compiling node model.medallion_dbt.stg_transactions
[0m15:08:45.494691 [debug] [Thread-1 (]: Writing injected SQL for node "model.medallion_dbt.stg_transactions"
[0m15:08:45.499657 [debug] [Thread-1 (]: Began executing node model.medallion_dbt.stg_transactions
[0m15:08:45.547657 [debug] [Thread-1 (]: Writing runtime sql for node "model.medallion_dbt.stg_transactions"
[0m15:08:45.554360 [debug] [Thread-1 (]: Using duckdb connection "model.medallion_dbt.stg_transactions"
[0m15:08:45.554998 [debug] [Thread-1 (]: On model.medallion_dbt.stg_transactions: BEGIN
[0m15:08:45.555597 [debug] [Thread-1 (]: Opening a new connection, currently in state init
[0m15:08:45.572036 [debug] [Thread-1 (]: SQL status: OK in 0.016 seconds
[0m15:08:45.572730 [debug] [Thread-1 (]: Using duckdb connection "model.medallion_dbt.stg_transactions"
[0m15:08:45.573249 [debug] [Thread-1 (]: On model.medallion_dbt.stg_transactions: /* {"app": "dbt", "dbt_version": "1.8.0", "profile_name": "medallion_duckdb", "target_name": "dev", "node_id": "model.medallion_dbt.stg_transactions"} */

  
  create view "medallion"."main"."stg_transactions__dbt_tmp" as (
    


with source as (
    select *
    from read_parquet(
        '/home/usuario/examen_ing_de_sw_n_data_final/data/clean/transactions_20251206_clean.parquet'
    )
)

-- TODO: Completar el modelo para que cree la tabla staging con los tipos adecuados segun el schema.yml.
  );

[0m15:08:45.585835 [debug] [Thread-1 (]: DuckDB adapter: Error running SQL: /* {"app": "dbt", "dbt_version": "1.8.0", "profile_name": "medallion_duckdb", "target_name": "dev", "node_id": "model.medallion_dbt.stg_transactions"} */

  
  create view "medallion"."main"."stg_transactions__dbt_tmp" as (
    


with source as (
    select *
    from read_parquet(
        '/home/usuario/examen_ing_de_sw_n_data_final/data/clean/transactions_20251206_clean.parquet'
    )
)

-- TODO: Completar el modelo para que cree la tabla staging con los tipos adecuados segun el schema.yml.
  );

[0m15:08:45.586591 [debug] [Thread-1 (]: DuckDB adapter: Rolling back transaction.
[0m15:08:45.587272 [debug] [Thread-1 (]: On model.medallion_dbt.stg_transactions: ROLLBACK
[0m15:08:45.596600 [debug] [Thread-1 (]: Failed to rollback 'model.medallion_dbt.stg_transactions'
[0m15:08:45.597208 [debug] [Thread-1 (]: On model.medallion_dbt.stg_transactions: Close
[0m15:08:45.601199 [debug] [Thread-1 (]: Runtime Error in model stg_transactions (models/staging/stg_transactions.sql)
  Parser Error: syntax error at or near ")"
  
  LINE 16:   );
             ^
[0m15:08:45.603473 [debug] [Thread-1 (]: Sending event: {'category': 'dbt', 'action': 'run_model', 'label': '9bc84ccc-756a-4bc6-a5a8-2688e26c0454', 'context': [<snowplow_tracker.self_describing_json.SelfDescribingJson object at 0x7a6db1d62590>]}
[0m15:08:45.604325 [error] [Thread-1 (]: 1 of 2 ERROR creating sql view model main.stg_transactions ..................... [[31mERROR[0m in 0.12s]
[0m15:08:45.605267 [debug] [Thread-1 (]: Finished running node model.medallion_dbt.stg_transactions
[0m15:08:45.607816 [debug] [Thread-3 (]: Began running node model.medallion_dbt.fct_customer_transactions
[0m15:08:45.608725 [info ] [Thread-3 (]: 2 of 2 SKIP relation main.fct_customer_transactions ............................ [[33mSKIP[0m]
[0m15:08:45.609594 [debug] [Thread-3 (]: Finished running node model.medallion_dbt.fct_customer_transactions
[0m15:08:45.612522 [debug] [MainThread]: Using duckdb connection "master"
[0m15:08:45.613290 [debug] [MainThread]: On master: BEGIN
[0m15:08:45.614100 [debug] [MainThread]: Opening a new connection, currently in state closed
[0m15:08:45.628796 [debug] [MainThread]: SQL status: OK in 0.015 seconds
[0m15:08:45.629615 [debug] [MainThread]: On master: COMMIT
[0m15:08:45.630437 [debug] [MainThread]: Using duckdb connection "master"
[0m15:08:45.630976 [debug] [MainThread]: On master: COMMIT
[0m15:08:45.632149 [debug] [MainThread]: SQL status: OK in 0.001 seconds
[0m15:08:45.632726 [debug] [MainThread]: On master: Close
[0m15:08:45.635763 [debug] [MainThread]: Connection 'master' was properly closed.
[0m15:08:45.636253 [debug] [MainThread]: Connection 'list_medallion_main' was properly closed.
[0m15:08:45.636586 [debug] [MainThread]: Connection 'model.medallion_dbt.stg_transactions' was properly closed.
[0m15:08:45.637003 [info ] [MainThread]: 
[0m15:08:45.637541 [info ] [MainThread]: Finished running 1 view model, 1 table model in 0 hours 0 minutes and 2.67 seconds (2.67s).
[0m15:08:45.638417 [debug] [MainThread]: Command end result
[0m15:08:45.681572 [info ] [MainThread]: 
[0m15:08:45.682265 [info ] [MainThread]: [31mCompleted with 1 error and 0 warnings:[0m
[0m15:08:45.682770 [info ] [MainThread]: 
[0m15:08:45.683351 [error] [MainThread]:   Runtime Error in model stg_transactions (models/staging/stg_transactions.sql)
  Parser Error: syntax error at or near ")"
  
  LINE 16:   );
             ^
[0m15:08:45.683806 [info ] [MainThread]: 
[0m15:08:45.684289 [info ] [MainThread]: Done. PASS=0 WARN=0 ERROR=1 SKIP=1 TOTAL=2
[0m15:08:45.686141 [debug] [MainThread]: Resource report: {"command_name": "run", "command_wall_clock_time": 5.0271573, "process_user_time": 3.852226, "process_kernel_time": 1.419878, "process_mem_max_rss": "190024", "process_in_blocks": "97968", "process_out_blocks": "44584", "command_success": false}
[0m15:08:45.686893 [debug] [MainThread]: Command `dbt run` failed at 15:08:45.686751 after 5.03 seconds
[0m15:08:45.687413 [debug] [MainThread]: Sending event: {'category': 'dbt', 'action': 'invocation', 'label': 'end', 'context': [<snowplow_tracker.self_describing_json.SelfDescribingJson object at 0x7a6dbba60880>, <snowplow_tracker.self_describing_json.SelfDescribingJson object at 0x7a6d83b551b0>, <snowplow_tracker.self_describing_json.SelfDescribingJson object at 0x7a6d82ea1360>]}
[0m15:08:45.687950 [debug] [MainThread]: Flushing usage events
[0m15:12:47.644485 [debug] [MainThread]: Sending event: {'category': 'dbt', 'action': 'invocation', 'label': 'start', 'context': [<snowplow_tracker.self_describing_json.SelfDescribingJson object at 0x7ec2b4c68850>, <snowplow_tracker.self_describing_json.SelfDescribingJson object at 0x7ec2b403ab60>, <snowplow_tracker.self_describing_json.SelfDescribingJson object at 0x7ec2b2ddef20>]}


============================== 15:12:47.647302 | aa0bc73f-0c7f-4d60-9cfd-8d71faa75f36 ==============================
[0m15:12:47.647302 [info ] [MainThread]: Running with dbt=1.8.0
[0m15:12:47.647975 [debug] [MainThread]: running dbt with arguments {'printer_width': '80', 'indirect_selection': 'eager', 'write_json': 'True', 'log_cache_events': 'False', 'partial_parse': 'True', 'cache_selected_only': 'False', 'warn_error': 'None', 'version_check': 'True', 'fail_fast': 'False', 'log_path': '/home/usuario/examen_ing_de_sw_n_data_final/dbt/logs', 'profiles_dir': '/home/usuario/examen_ing_de_sw_n_data_final/profiles', 'debug': 'False', 'use_colors': 'True', 'use_experimental_parser': 'False', 'no_print': 'None', 'quiet': 'False', 'warn_error_options': 'WarnErrorOptions(include=[], exclude=[])', 'static_parser': 'True', 'log_format': 'default', 'introspect': 'True', 'target_path': 'None', 'invocation_command': 'dbt run --project-dir /home/usuario/examen_ing_de_sw_n_data_final/dbt', 'send_anonymous_usage_stats': 'True'}
[0m15:12:47.900513 [debug] [MainThread]: Sending event: {'category': 'dbt', 'action': 'project_id', 'label': 'aa0bc73f-0c7f-4d60-9cfd-8d71faa75f36', 'context': [<snowplow_tracker.self_describing_json.SelfDescribingJson object at 0x7ec2b4b0a170>]}
[0m15:12:47.965750 [debug] [MainThread]: Sending event: {'category': 'dbt', 'action': 'adapter_info', 'label': 'aa0bc73f-0c7f-4d60-9cfd-8d71faa75f36', 'context': [<snowplow_tracker.self_describing_json.SelfDescribingJson object at 0x7ec2b2e22830>]}
[0m15:12:47.966576 [info ] [MainThread]: Registered adapter: duckdb=1.8.0
[0m15:12:48.046923 [debug] [MainThread]: checksum: dbb12d416fdb55e3665e4828703bbedf40c5c90ed7ca6ff39bbbfb29b12b0a92, vars: {}, profile: , target: , version: 1.8.0
[0m15:12:48.184333 [debug] [MainThread]: Partial parsing enabled: 0 files deleted, 0 files added, 1 files changed.
[0m15:12:48.185071 [debug] [MainThread]: Partial parsing: updated file: medallion_dbt://models/staging/stg_transactions.sql
[0m15:12:48.461175 [warn ] [MainThread]: [[33mWARNING[0m]: Deprecated functionality
The `tests` config has been renamed to `data_tests`. Please see
https://docs.getdbt.com/docs/build/data-tests#new-data_tests-syntax for more
information.
[0m15:12:48.461776 [debug] [MainThread]: Sending event: {'category': 'dbt', 'action': 'deprecation', 'label': 'aa0bc73f-0c7f-4d60-9cfd-8d71faa75f36', 'property_': 'warn', 'context': [<snowplow_tracker.self_describing_json.SelfDescribingJson object at 0x7ec2b2d32b30>]}
[0m15:12:48.674931 [debug] [MainThread]: Sending event: {'category': 'dbt', 'action': 'load_project', 'label': 'aa0bc73f-0c7f-4d60-9cfd-8d71faa75f36', 'context': [<snowplow_tracker.self_describing_json.SelfDescribingJson object at 0x7ec2a9c1a560>]}
[0m15:12:48.848355 [debug] [MainThread]: Sending event: {'category': 'dbt', 'action': 'resource_counts', 'label': 'aa0bc73f-0c7f-4d60-9cfd-8d71faa75f36', 'context': [<snowplow_tracker.self_describing_json.SelfDescribingJson object at 0x7ec2a9c6abf0>]}
[0m15:12:48.849020 [info ] [MainThread]: Found 2 models, 16 data tests, 422 macros
[0m15:12:48.849455 [debug] [MainThread]: Sending event: {'category': 'dbt', 'action': 'runnable_timing', 'label': 'aa0bc73f-0c7f-4d60-9cfd-8d71faa75f36', 'context': [<snowplow_tracker.self_describing_json.SelfDescribingJson object at 0x7ec2a9c6a2c0>]}
[0m15:12:48.851433 [info ] [MainThread]: 
[0m15:12:48.852130 [debug] [MainThread]: Acquiring new duckdb connection 'master'
[0m15:12:48.858427 [debug] [ThreadPool]: Acquiring new duckdb connection 'list_medallion'
[0m15:12:48.899143 [debug] [ThreadPool]: Using duckdb connection "list_medallion"
[0m15:12:48.899591 [debug] [ThreadPool]: On list_medallion: /* {"app": "dbt", "dbt_version": "1.8.0", "profile_name": "medallion_duckdb", "target_name": "dev", "connection_name": "list_medallion"} */

    
    select schema_name
    from system.information_schema.schemata
    
    where catalog_name = '"medallion"'
    
  
  
[0m15:12:48.899912 [debug] [ThreadPool]: Opening a new connection, currently in state init
[0m15:12:48.919063 [debug] [ThreadPool]: SQL status: OK in 0.019 seconds
[0m15:12:48.920683 [debug] [ThreadPool]: On list_medallion: Close
[0m15:12:48.924792 [debug] [ThreadPool]: Re-using an available connection from the pool (formerly list_medallion, now create_medallion_main)
[0m15:12:48.925386 [debug] [ThreadPool]: Creating schema "database: "medallion"
schema: "main"
"
[0m15:12:48.932212 [debug] [ThreadPool]: Using duckdb connection "create_medallion_main"
[0m15:12:48.932622 [debug] [ThreadPool]: On create_medallion_main: /* {"app": "dbt", "dbt_version": "1.8.0", "profile_name": "medallion_duckdb", "target_name": "dev", "connection_name": "create_medallion_main"} */

    
        select type from duckdb_databases()
        where database_name='medallion'
        and type='sqlite'
    
  
[0m15:12:48.932943 [debug] [ThreadPool]: Opening a new connection, currently in state closed
[0m15:12:48.945396 [debug] [ThreadPool]: SQL status: OK in 0.012 seconds
[0m15:12:48.946982 [debug] [ThreadPool]: Using duckdb connection "create_medallion_main"
[0m15:12:48.947337 [debug] [ThreadPool]: On create_medallion_main: BEGIN
[0m15:12:48.948189 [debug] [ThreadPool]: SQL status: OK in 0.000 seconds
[0m15:12:48.948578 [debug] [ThreadPool]: Using duckdb connection "create_medallion_main"
[0m15:12:48.948883 [debug] [ThreadPool]: On create_medallion_main: /* {"app": "dbt", "dbt_version": "1.8.0", "profile_name": "medallion_duckdb", "target_name": "dev", "connection_name": "create_medallion_main"} */

    
    
        create schema if not exists "medallion"."main"
    
[0m15:12:48.949858 [debug] [ThreadPool]: SQL status: OK in 0.001 seconds
[0m15:12:48.950860 [debug] [ThreadPool]: On create_medallion_main: COMMIT
[0m15:12:48.951197 [debug] [ThreadPool]: Using duckdb connection "create_medallion_main"
[0m15:12:48.951527 [debug] [ThreadPool]: On create_medallion_main: COMMIT
[0m15:12:48.952218 [debug] [ThreadPool]: SQL status: OK in 0.000 seconds
[0m15:12:48.952570 [debug] [ThreadPool]: On create_medallion_main: Close
[0m15:12:48.956925 [debug] [ThreadPool]: Re-using an available connection from the pool (formerly create_medallion_main, now list_medallion_main)
[0m15:12:48.963013 [debug] [ThreadPool]: Using duckdb connection "list_medallion_main"
[0m15:12:48.963472 [debug] [ThreadPool]: On list_medallion_main: BEGIN
[0m15:12:48.963888 [debug] [ThreadPool]: Opening a new connection, currently in state closed
[0m15:12:48.976132 [debug] [ThreadPool]: SQL status: OK in 0.012 seconds
[0m15:12:48.976626 [debug] [ThreadPool]: Using duckdb connection "list_medallion_main"
[0m15:12:48.976953 [debug] [ThreadPool]: On list_medallion_main: /* {"app": "dbt", "dbt_version": "1.8.0", "profile_name": "medallion_duckdb", "target_name": "dev", "connection_name": "list_medallion_main"} */
select
      'medallion' as database,
      table_name as name,
      table_schema as schema,
      CASE table_type
        WHEN 'BASE TABLE' THEN 'table'
        WHEN 'VIEW' THEN 'view'
        WHEN 'LOCAL TEMPORARY' THEN 'table'
        END as type
    from system.information_schema.tables
    where table_schema = 'main'
    and table_catalog = 'medallion'
  
[0m15:12:48.991525 [debug] [ThreadPool]: SQL status: OK in 0.014 seconds
[0m15:12:48.992935 [debug] [ThreadPool]: On list_medallion_main: ROLLBACK
[0m15:12:48.993581 [debug] [ThreadPool]: Failed to rollback 'list_medallion_main'
[0m15:12:48.993945 [debug] [ThreadPool]: On list_medallion_main: Close
[0m15:12:48.996868 [debug] [MainThread]: Sending event: {'category': 'dbt', 'action': 'runnable_timing', 'label': 'aa0bc73f-0c7f-4d60-9cfd-8d71faa75f36', 'context': [<snowplow_tracker.self_describing_json.SelfDescribingJson object at 0x7ec2aaedf3a0>]}
[0m15:12:48.997456 [debug] [MainThread]: Using duckdb connection "master"
[0m15:12:48.997821 [debug] [MainThread]: On master: BEGIN
[0m15:12:48.998135 [debug] [MainThread]: Opening a new connection, currently in state init
[0m15:12:49.012528 [debug] [MainThread]: SQL status: OK in 0.014 seconds
[0m15:12:49.013224 [debug] [MainThread]: On master: COMMIT
[0m15:12:49.013703 [debug] [MainThread]: Using duckdb connection "master"
[0m15:12:49.014148 [debug] [MainThread]: On master: COMMIT
[0m15:12:49.015256 [debug] [MainThread]: SQL status: OK in 0.001 seconds
[0m15:12:49.015659 [debug] [MainThread]: On master: Close
[0m15:12:49.019215 [info ] [MainThread]: Concurrency: 4 threads (target='dev')
[0m15:12:49.019810 [info ] [MainThread]: 
[0m15:12:49.025413 [debug] [Thread-1 (]: Began running node model.medallion_dbt.stg_transactions
[0m15:12:49.026349 [info ] [Thread-1 (]: 1 of 2 START sql view model main.stg_transactions .............................. [RUN]
[0m15:12:49.027171 [debug] [Thread-1 (]: Acquiring new duckdb connection 'model.medallion_dbt.stg_transactions'
[0m15:12:49.027563 [debug] [Thread-1 (]: Began compiling node model.medallion_dbt.stg_transactions
[0m15:12:49.038599 [debug] [Thread-1 (]: Writing injected SQL for node "model.medallion_dbt.stg_transactions"
[0m15:12:49.039820 [debug] [Thread-1 (]: Began executing node model.medallion_dbt.stg_transactions
[0m15:12:49.073493 [debug] [Thread-1 (]: Writing runtime sql for node "model.medallion_dbt.stg_transactions"
[0m15:12:49.074492 [debug] [Thread-1 (]: Using duckdb connection "model.medallion_dbt.stg_transactions"
[0m15:12:49.075116 [debug] [Thread-1 (]: On model.medallion_dbt.stg_transactions: BEGIN
[0m15:12:49.075460 [debug] [Thread-1 (]: Opening a new connection, currently in state init
[0m15:12:49.087998 [debug] [Thread-1 (]: SQL status: OK in 0.012 seconds
[0m15:12:49.088917 [debug] [Thread-1 (]: Using duckdb connection "model.medallion_dbt.stg_transactions"
[0m15:12:49.089536 [debug] [Thread-1 (]: On model.medallion_dbt.stg_transactions: /* {"app": "dbt", "dbt_version": "1.8.0", "profile_name": "medallion_duckdb", "target_name": "dev", "node_id": "model.medallion_dbt.stg_transactions"} */

  
  create view "medallion"."main"."stg_transactions__dbt_tmp" as (
    




with source as (

    select
        -- Identifiers
        cast(transaction_id as varchar)        as transaction_id,
        cast(customer_id as varchar)           as customer_id,

        -- Measures
        cast(amount as double)                 as amount,

        -- Status
        cast(status as varchar)                as status,

        -- Dates / timestamps
        cast(transaction_ts as timestamp)      as transaction_ts,
        cast(transaction_date as date)         as transaction_date

    from read_parquet(
        '/home/usuario/examen_ing_de_sw_n_data_final/data/clean/transactions_20251206_clean.parquet'
    )

)

select *
from source;
  );

[0m15:12:49.090718 [debug] [Thread-1 (]: DuckDB adapter: Error running SQL: /* {"app": "dbt", "dbt_version": "1.8.0", "profile_name": "medallion_duckdb", "target_name": "dev", "node_id": "model.medallion_dbt.stg_transactions"} */

  
  create view "medallion"."main"."stg_transactions__dbt_tmp" as (
    




with source as (

    select
        -- Identifiers
        cast(transaction_id as varchar)        as transaction_id,
        cast(customer_id as varchar)           as customer_id,

        -- Measures
        cast(amount as double)                 as amount,

        -- Status
        cast(status as varchar)                as status,

        -- Dates / timestamps
        cast(transaction_ts as timestamp)      as transaction_ts,
        cast(transaction_date as date)         as transaction_date

    from read_parquet(
        '/home/usuario/examen_ing_de_sw_n_data_final/data/clean/transactions_20251206_clean.parquet'
    )

)

select *
from source;
  );

[0m15:12:49.091146 [debug] [Thread-1 (]: DuckDB adapter: Rolling back transaction.
[0m15:12:49.091626 [debug] [Thread-1 (]: On model.medallion_dbt.stg_transactions: ROLLBACK
[0m15:12:49.093666 [debug] [Thread-1 (]: Failed to rollback 'model.medallion_dbt.stg_transactions'
[0m15:12:49.094059 [debug] [Thread-1 (]: On model.medallion_dbt.stg_transactions: Close
[0m15:12:49.097443 [debug] [Thread-1 (]: Runtime Error in model stg_transactions (models/staging/stg_transactions.sql)
  Parser Error: syntax error at or near ";"
  
  LINE 34: from source;
                      ^
[0m15:12:49.099167 [debug] [Thread-1 (]: Sending event: {'category': 'dbt', 'action': 'run_model', 'label': 'aa0bc73f-0c7f-4d60-9cfd-8d71faa75f36', 'context': [<snowplow_tracker.self_describing_json.SelfDescribingJson object at 0x7ec2aae48430>]}
[0m15:12:49.099885 [error] [Thread-1 (]: 1 of 2 ERROR creating sql view model main.stg_transactions ..................... [[31mERROR[0m in 0.07s]
[0m15:12:49.100536 [debug] [Thread-1 (]: Finished running node model.medallion_dbt.stg_transactions
[0m15:12:49.102181 [debug] [Thread-3 (]: Began running node model.medallion_dbt.fct_customer_transactions
[0m15:12:49.103119 [info ] [Thread-3 (]: 2 of 2 SKIP relation main.fct_customer_transactions ............................ [[33mSKIP[0m]
[0m15:12:49.103620 [debug] [Thread-3 (]: Finished running node model.medallion_dbt.fct_customer_transactions
[0m15:12:49.106198 [debug] [MainThread]: Using duckdb connection "master"
[0m15:12:49.106705 [debug] [MainThread]: On master: BEGIN
[0m15:12:49.107079 [debug] [MainThread]: Opening a new connection, currently in state closed
[0m15:12:49.119957 [debug] [MainThread]: SQL status: OK in 0.013 seconds
[0m15:12:49.121250 [debug] [MainThread]: On master: COMMIT
[0m15:12:49.121936 [debug] [MainThread]: Using duckdb connection "master"
[0m15:12:49.122413 [debug] [MainThread]: On master: COMMIT
[0m15:12:49.123972 [debug] [MainThread]: SQL status: OK in 0.001 seconds
[0m15:12:49.124438 [debug] [MainThread]: On master: Close
[0m15:12:49.127581 [debug] [MainThread]: Connection 'master' was properly closed.
[0m15:12:49.128073 [debug] [MainThread]: Connection 'list_medallion_main' was properly closed.
[0m15:12:49.128373 [debug] [MainThread]: Connection 'model.medallion_dbt.stg_transactions' was properly closed.
[0m15:12:49.128729 [info ] [MainThread]: 
[0m15:12:49.129152 [info ] [MainThread]: Finished running 1 view model, 1 table model in 0 hours 0 minutes and 0.28 seconds (0.28s).
[0m15:12:49.129909 [debug] [MainThread]: Command end result
[0m15:12:49.167142 [info ] [MainThread]: 
[0m15:12:49.167734 [info ] [MainThread]: [31mCompleted with 1 error and 0 warnings:[0m
[0m15:12:49.168105 [info ] [MainThread]: 
[0m15:12:49.168571 [error] [MainThread]:   Runtime Error in model stg_transactions (models/staging/stg_transactions.sql)
  Parser Error: syntax error at or near ";"
  
  LINE 34: from source;
                      ^
[0m15:12:49.168947 [info ] [MainThread]: 
[0m15:12:49.169324 [info ] [MainThread]: Done. PASS=0 WARN=0 ERROR=1 SKIP=1 TOTAL=2
[0m15:12:49.170236 [debug] [MainThread]: Resource report: {"command_name": "run", "command_wall_clock_time": 1.5857285, "process_user_time": 2.652464, "process_kernel_time": 0.32905, "process_mem_max_rss": "147268", "process_out_blocks": "2760", "command_success": false, "process_in_blocks": "0"}
[0m15:12:49.171019 [debug] [MainThread]: Command `dbt run` failed at 15:12:49.170790 after 1.59 seconds
[0m15:12:49.171534 [debug] [MainThread]: Sending event: {'category': 'dbt', 'action': 'invocation', 'label': 'end', 'context': [<snowplow_tracker.self_describing_json.SelfDescribingJson object at 0x7ec2b4c68850>, <snowplow_tracker.self_describing_json.SelfDescribingJson object at 0x7ec2aae87f70>, <snowplow_tracker.self_describing_json.SelfDescribingJson object at 0x7ec2aae86e90>]}
[0m15:12:49.171937 [debug] [MainThread]: Flushing usage events
[0m15:13:39.819184 [debug] [MainThread]: Sending event: {'category': 'dbt', 'action': 'invocation', 'label': 'start', 'context': [<snowplow_tracker.self_describing_json.SelfDescribingJson object at 0x71b1d206c880>, <snowplow_tracker.self_describing_json.SelfDescribingJson object at 0x71b1d01e3430>, <snowplow_tracker.self_describing_json.SelfDescribingJson object at 0x71b1d01e33d0>]}


============================== 15:13:39.822594 | fb9520df-dbac-4cd0-94eb-0ae46b49a3bd ==============================
[0m15:13:39.822594 [info ] [MainThread]: Running with dbt=1.8.0
[0m15:13:39.823271 [debug] [MainThread]: running dbt with arguments {'printer_width': '80', 'indirect_selection': 'eager', 'write_json': 'True', 'log_cache_events': 'False', 'partial_parse': 'True', 'cache_selected_only': 'False', 'warn_error': 'None', 'fail_fast': 'False', 'debug': 'False', 'log_path': '/home/usuario/examen_ing_de_sw_n_data_final/dbt/logs', 'profiles_dir': '/home/usuario/examen_ing_de_sw_n_data_final/profiles', 'version_check': 'True', 'use_colors': 'True', 'use_experimental_parser': 'False', 'no_print': 'None', 'quiet': 'False', 'log_format': 'default', 'static_parser': 'True', 'invocation_command': 'dbt run --project-dir /home/usuario/examen_ing_de_sw_n_data_final/dbt', 'introspect': 'True', 'target_path': 'None', 'warn_error_options': 'WarnErrorOptions(include=[], exclude=[])', 'send_anonymous_usage_stats': 'True'}
[0m15:13:40.054615 [debug] [MainThread]: Sending event: {'category': 'dbt', 'action': 'project_id', 'label': 'fb9520df-dbac-4cd0-94eb-0ae46b49a3bd', 'context': [<snowplow_tracker.self_describing_json.SelfDescribingJson object at 0x71b1d1f0e1a0>]}
[0m15:13:40.118218 [debug] [MainThread]: Sending event: {'category': 'dbt', 'action': 'adapter_info', 'label': 'fb9520df-dbac-4cd0-94eb-0ae46b49a3bd', 'context': [<snowplow_tracker.self_describing_json.SelfDescribingJson object at 0x71b1d014b790>]}
[0m15:13:40.119141 [info ] [MainThread]: Registered adapter: duckdb=1.8.0
[0m15:13:40.203120 [debug] [MainThread]: checksum: dbb12d416fdb55e3665e4828703bbedf40c5c90ed7ca6ff39bbbfb29b12b0a92, vars: {}, profile: , target: , version: 1.8.0
[0m15:13:40.335348 [debug] [MainThread]: Partial parsing enabled: 0 files deleted, 0 files added, 1 files changed.
[0m15:13:40.336088 [debug] [MainThread]: Partial parsing: updated file: medallion_dbt://models/staging/stg_transactions.sql
[0m15:13:40.615661 [warn ] [MainThread]: [[33mWARNING[0m]: Deprecated functionality
The `tests` config has been renamed to `data_tests`. Please see
https://docs.getdbt.com/docs/build/data-tests#new-data_tests-syntax for more
information.
[0m15:13:40.616298 [debug] [MainThread]: Sending event: {'category': 'dbt', 'action': 'deprecation', 'label': 'fb9520df-dbac-4cd0-94eb-0ae46b49a3bd', 'property_': 'warn', 'context': [<snowplow_tracker.self_describing_json.SelfDescribingJson object at 0x71b1cff898a0>]}
[0m15:13:40.856161 [debug] [MainThread]: Sending event: {'category': 'dbt', 'action': 'load_project', 'label': 'fb9520df-dbac-4cd0-94eb-0ae46b49a3bd', 'context': [<snowplow_tracker.self_describing_json.SelfDescribingJson object at 0x71b1c301a590>]}
[0m15:13:41.037112 [debug] [MainThread]: Sending event: {'category': 'dbt', 'action': 'resource_counts', 'label': 'fb9520df-dbac-4cd0-94eb-0ae46b49a3bd', 'context': [<snowplow_tracker.self_describing_json.SelfDescribingJson object at 0x71b1c306dcf0>]}
[0m15:13:41.037762 [info ] [MainThread]: Found 2 models, 16 data tests, 422 macros
[0m15:13:41.038215 [debug] [MainThread]: Sending event: {'category': 'dbt', 'action': 'runnable_timing', 'label': 'fb9520df-dbac-4cd0-94eb-0ae46b49a3bd', 'context': [<snowplow_tracker.self_describing_json.SelfDescribingJson object at 0x71b1c306dab0>]}
[0m15:13:41.040085 [info ] [MainThread]: 
[0m15:13:41.040759 [debug] [MainThread]: Acquiring new duckdb connection 'master'
[0m15:13:41.047433 [debug] [ThreadPool]: Acquiring new duckdb connection 'list_medallion'
[0m15:13:41.086633 [debug] [ThreadPool]: Using duckdb connection "list_medallion"
[0m15:13:41.087266 [debug] [ThreadPool]: On list_medallion: /* {"app": "dbt", "dbt_version": "1.8.0", "profile_name": "medallion_duckdb", "target_name": "dev", "connection_name": "list_medallion"} */

    
    select schema_name
    from system.information_schema.schemata
    
    where catalog_name = '"medallion"'
    
  
  
[0m15:13:41.087604 [debug] [ThreadPool]: Opening a new connection, currently in state init
[0m15:13:41.108925 [debug] [ThreadPool]: SQL status: OK in 0.021 seconds
[0m15:13:41.111035 [debug] [ThreadPool]: On list_medallion: Close
[0m15:13:41.114566 [debug] [ThreadPool]: Re-using an available connection from the pool (formerly list_medallion, now create_medallion_main)
[0m15:13:41.115271 [debug] [ThreadPool]: Creating schema "database: "medallion"
schema: "main"
"
[0m15:13:41.122393 [debug] [ThreadPool]: Using duckdb connection "create_medallion_main"
[0m15:13:41.122999 [debug] [ThreadPool]: On create_medallion_main: /* {"app": "dbt", "dbt_version": "1.8.0", "profile_name": "medallion_duckdb", "target_name": "dev", "connection_name": "create_medallion_main"} */

    
        select type from duckdb_databases()
        where database_name='medallion'
        and type='sqlite'
    
  
[0m15:13:41.123407 [debug] [ThreadPool]: Opening a new connection, currently in state closed
[0m15:13:41.135639 [debug] [ThreadPool]: SQL status: OK in 0.012 seconds
[0m15:13:41.137191 [debug] [ThreadPool]: Using duckdb connection "create_medallion_main"
[0m15:13:41.137565 [debug] [ThreadPool]: On create_medallion_main: BEGIN
[0m15:13:41.138383 [debug] [ThreadPool]: SQL status: OK in 0.000 seconds
[0m15:13:41.138784 [debug] [ThreadPool]: Using duckdb connection "create_medallion_main"
[0m15:13:41.139165 [debug] [ThreadPool]: On create_medallion_main: /* {"app": "dbt", "dbt_version": "1.8.0", "profile_name": "medallion_duckdb", "target_name": "dev", "connection_name": "create_medallion_main"} */

    
    
        create schema if not exists "medallion"."main"
    
[0m15:13:41.140014 [debug] [ThreadPool]: SQL status: OK in 0.000 seconds
[0m15:13:41.140927 [debug] [ThreadPool]: On create_medallion_main: COMMIT
[0m15:13:41.141272 [debug] [ThreadPool]: Using duckdb connection "create_medallion_main"
[0m15:13:41.141675 [debug] [ThreadPool]: On create_medallion_main: COMMIT
[0m15:13:41.142566 [debug] [ThreadPool]: SQL status: OK in 0.001 seconds
[0m15:13:41.142994 [debug] [ThreadPool]: On create_medallion_main: Close
[0m15:13:41.146228 [debug] [ThreadPool]: Re-using an available connection from the pool (formerly create_medallion_main, now list_medallion_main)
[0m15:13:41.152453 [debug] [ThreadPool]: Using duckdb connection "list_medallion_main"
[0m15:13:41.152939 [debug] [ThreadPool]: On list_medallion_main: BEGIN
[0m15:13:41.153286 [debug] [ThreadPool]: Opening a new connection, currently in state closed
[0m15:13:41.165198 [debug] [ThreadPool]: SQL status: OK in 0.012 seconds
[0m15:13:41.165719 [debug] [ThreadPool]: Using duckdb connection "list_medallion_main"
[0m15:13:41.166054 [debug] [ThreadPool]: On list_medallion_main: /* {"app": "dbt", "dbt_version": "1.8.0", "profile_name": "medallion_duckdb", "target_name": "dev", "connection_name": "list_medallion_main"} */
select
      'medallion' as database,
      table_name as name,
      table_schema as schema,
      CASE table_type
        WHEN 'BASE TABLE' THEN 'table'
        WHEN 'VIEW' THEN 'view'
        WHEN 'LOCAL TEMPORARY' THEN 'table'
        END as type
    from system.information_schema.tables
    where table_schema = 'main'
    and table_catalog = 'medallion'
  
[0m15:13:41.180933 [debug] [ThreadPool]: SQL status: OK in 0.014 seconds
[0m15:13:41.182384 [debug] [ThreadPool]: On list_medallion_main: ROLLBACK
[0m15:13:41.183063 [debug] [ThreadPool]: Failed to rollback 'list_medallion_main'
[0m15:13:41.183437 [debug] [ThreadPool]: On list_medallion_main: Close
[0m15:13:41.186042 [debug] [MainThread]: Sending event: {'category': 'dbt', 'action': 'runnable_timing', 'label': 'fb9520df-dbac-4cd0-94eb-0ae46b49a3bd', 'context': [<snowplow_tracker.self_describing_json.SelfDescribingJson object at 0x71b1d1e2bb20>]}
[0m15:13:41.186630 [debug] [MainThread]: Using duckdb connection "master"
[0m15:13:41.187068 [debug] [MainThread]: On master: BEGIN
[0m15:13:41.187402 [debug] [MainThread]: Opening a new connection, currently in state init
[0m15:13:41.200411 [debug] [MainThread]: SQL status: OK in 0.013 seconds
[0m15:13:41.200912 [debug] [MainThread]: On master: COMMIT
[0m15:13:41.201228 [debug] [MainThread]: Using duckdb connection "master"
[0m15:13:41.201590 [debug] [MainThread]: On master: COMMIT
[0m15:13:41.202336 [debug] [MainThread]: SQL status: OK in 0.000 seconds
[0m15:13:41.202713 [debug] [MainThread]: On master: Close
[0m15:13:41.205986 [info ] [MainThread]: Concurrency: 4 threads (target='dev')
[0m15:13:41.206493 [info ] [MainThread]: 
[0m15:13:41.211293 [debug] [Thread-1 (]: Began running node model.medallion_dbt.stg_transactions
[0m15:13:41.211934 [info ] [Thread-1 (]: 1 of 2 START sql view model main.stg_transactions .............................. [RUN]
[0m15:13:41.212577 [debug] [Thread-1 (]: Acquiring new duckdb connection 'model.medallion_dbt.stg_transactions'
[0m15:13:41.212951 [debug] [Thread-1 (]: Began compiling node model.medallion_dbt.stg_transactions
[0m15:13:41.223673 [debug] [Thread-1 (]: Writing injected SQL for node "model.medallion_dbt.stg_transactions"
[0m15:13:41.224410 [debug] [Thread-1 (]: Began executing node model.medallion_dbt.stg_transactions
[0m15:13:41.258727 [debug] [Thread-1 (]: Writing runtime sql for node "model.medallion_dbt.stg_transactions"
[0m15:13:41.259600 [debug] [Thread-1 (]: Using duckdb connection "model.medallion_dbt.stg_transactions"
[0m15:13:41.260109 [debug] [Thread-1 (]: On model.medallion_dbt.stg_transactions: BEGIN
[0m15:13:41.260468 [debug] [Thread-1 (]: Opening a new connection, currently in state init
[0m15:13:41.275622 [debug] [Thread-1 (]: SQL status: OK in 0.015 seconds
[0m15:13:41.276257 [debug] [Thread-1 (]: Using duckdb connection "model.medallion_dbt.stg_transactions"
[0m15:13:41.276636 [debug] [Thread-1 (]: On model.medallion_dbt.stg_transactions: /* {"app": "dbt", "dbt_version": "1.8.0", "profile_name": "medallion_duckdb", "target_name": "dev", "node_id": "model.medallion_dbt.stg_transactions"} */

  
  create view "medallion"."main"."stg_transactions__dbt_tmp" as (
    




with source as (

    select
        -- Identifiers
        cast(transaction_id as varchar)        as transaction_id,
        cast(customer_id as varchar)           as customer_id,

        -- Measures
        cast(amount as double)                 as amount,

        -- Status
        cast(status as varchar)                as status,

        -- Dates / timestamps
        cast(transaction_ts as timestamp)      as transaction_ts,
        cast(transaction_date as date)         as transaction_date

    from read_parquet(
        '/home/usuario/examen_ing_de_sw_n_data_final/data/clean/transactions_20251206_clean.parquet'
    )

)

select *
from source
  );

[0m15:13:41.291983 [debug] [Thread-1 (]: DuckDB adapter: Error running SQL: /* {"app": "dbt", "dbt_version": "1.8.0", "profile_name": "medallion_duckdb", "target_name": "dev", "node_id": "model.medallion_dbt.stg_transactions"} */

  
  create view "medallion"."main"."stg_transactions__dbt_tmp" as (
    




with source as (

    select
        -- Identifiers
        cast(transaction_id as varchar)        as transaction_id,
        cast(customer_id as varchar)           as customer_id,

        -- Measures
        cast(amount as double)                 as amount,

        -- Status
        cast(status as varchar)                as status,

        -- Dates / timestamps
        cast(transaction_ts as timestamp)      as transaction_ts,
        cast(transaction_date as date)         as transaction_date

    from read_parquet(
        '/home/usuario/examen_ing_de_sw_n_data_final/data/clean/transactions_20251206_clean.parquet'
    )

)

select *
from source
  );

[0m15:13:41.292617 [debug] [Thread-1 (]: DuckDB adapter: Rolling back transaction.
[0m15:13:41.293235 [debug] [Thread-1 (]: On model.medallion_dbt.stg_transactions: ROLLBACK
[0m15:13:41.295445 [debug] [Thread-1 (]: Failed to rollback 'model.medallion_dbt.stg_transactions'
[0m15:13:41.295897 [debug] [Thread-1 (]: On model.medallion_dbt.stg_transactions: Close
[0m15:13:41.299696 [debug] [Thread-1 (]: Runtime Error in model stg_transactions (models/staging/stg_transactions.sql)
  IO Error: No files found that match the pattern "/home/usuario/examen_ing_de_sw_n_data_final/data/clean/transactions_20251206_clean.parquet"
  
  LINE 27:     from read_parquet(
                    ^
[0m15:13:41.301526 [debug] [Thread-1 (]: Sending event: {'category': 'dbt', 'action': 'run_model', 'label': 'fb9520df-dbac-4cd0-94eb-0ae46b49a3bd', 'context': [<snowplow_tracker.self_describing_json.SelfDescribingJson object at 0x71b1d0dc84f0>]}
[0m15:13:41.302214 [error] [Thread-1 (]: 1 of 2 ERROR creating sql view model main.stg_transactions ..................... [[31mERROR[0m in 0.09s]
[0m15:13:41.302959 [debug] [Thread-1 (]: Finished running node model.medallion_dbt.stg_transactions
[0m15:13:41.304977 [debug] [Thread-3 (]: Began running node model.medallion_dbt.fct_customer_transactions
[0m15:13:41.305499 [info ] [Thread-3 (]: 2 of 2 SKIP relation main.fct_customer_transactions ............................ [[33mSKIP[0m]
[0m15:13:41.306078 [debug] [Thread-3 (]: Finished running node model.medallion_dbt.fct_customer_transactions
[0m15:13:41.308071 [debug] [MainThread]: Using duckdb connection "master"
[0m15:13:41.308519 [debug] [MainThread]: On master: BEGIN
[0m15:13:41.308861 [debug] [MainThread]: Opening a new connection, currently in state closed
[0m15:13:41.321882 [debug] [MainThread]: SQL status: OK in 0.013 seconds
[0m15:13:41.322428 [debug] [MainThread]: On master: COMMIT
[0m15:13:41.322747 [debug] [MainThread]: Using duckdb connection "master"
[0m15:13:41.323174 [debug] [MainThread]: On master: COMMIT
[0m15:13:41.323968 [debug] [MainThread]: SQL status: OK in 0.000 seconds
[0m15:13:41.324389 [debug] [MainThread]: On master: Close
[0m15:13:41.326840 [debug] [MainThread]: Connection 'master' was properly closed.
[0m15:13:41.327431 [debug] [MainThread]: Connection 'list_medallion_main' was properly closed.
[0m15:13:41.327729 [debug] [MainThread]: Connection 'model.medallion_dbt.stg_transactions' was properly closed.
[0m15:13:41.328241 [info ] [MainThread]: 
[0m15:13:41.328664 [info ] [MainThread]: Finished running 1 view model, 1 table model in 0 hours 0 minutes and 0.29 seconds (0.29s).
[0m15:13:41.329448 [debug] [MainThread]: Command end result
[0m15:13:41.363132 [info ] [MainThread]: 
[0m15:13:41.363812 [info ] [MainThread]: [31mCompleted with 1 error and 0 warnings:[0m
[0m15:13:41.364230 [info ] [MainThread]: 
[0m15:13:41.364707 [error] [MainThread]:   Runtime Error in model stg_transactions (models/staging/stg_transactions.sql)
  IO Error: No files found that match the pattern "/home/usuario/examen_ing_de_sw_n_data_final/data/clean/transactions_20251206_clean.parquet"
  
  LINE 27:     from read_parquet(
                    ^
[0m15:13:41.365186 [info ] [MainThread]: 
[0m15:13:41.365663 [info ] [MainThread]: Done. PASS=0 WARN=0 ERROR=1 SKIP=1 TOTAL=2
[0m15:13:41.366592 [debug] [MainThread]: Resource report: {"command_name": "run", "command_wall_clock_time": 1.615976, "process_user_time": 2.756216, "process_kernel_time": 0.239324, "process_mem_max_rss": "147244", "process_in_blocks": "2632", "process_out_blocks": "2760", "command_success": false}
[0m15:13:41.367206 [debug] [MainThread]: Command `dbt run` failed at 15:13:41.367079 after 1.62 seconds
[0m15:13:41.367646 [debug] [MainThread]: Sending event: {'category': 'dbt', 'action': 'invocation', 'label': 'end', 'context': [<snowplow_tracker.self_describing_json.SelfDescribingJson object at 0x71b1d206c880>, <snowplow_tracker.self_describing_json.SelfDescribingJson object at 0x71b1c8513850>, <snowplow_tracker.self_describing_json.SelfDescribingJson object at 0x71b1c8511780>]}
[0m15:13:41.368021 [debug] [MainThread]: Flushing usage events
[0m15:23:54.871207 [debug] [MainThread]: Sending event: {'category': 'dbt', 'action': 'invocation', 'label': 'start', 'context': [<snowplow_tracker.self_describing_json.SelfDescribingJson object at 0x7bc9d73a0820>, <snowplow_tracker.self_describing_json.SelfDescribingJson object at 0x7bc9d53cbf40>, <snowplow_tracker.self_describing_json.SelfDescribingJson object at 0x7bc9d53cb430>]}


============================== 15:23:54.875052 | b8851c84-eca6-4225-bc20-7500696c63a2 ==============================
[0m15:23:54.875052 [info ] [MainThread]: Running with dbt=1.8.0
[0m15:23:54.875726 [debug] [MainThread]: running dbt with arguments {'printer_width': '80', 'indirect_selection': 'eager', 'log_cache_events': 'False', 'write_json': 'True', 'partial_parse': 'True', 'cache_selected_only': 'False', 'warn_error': 'None', 'fail_fast': 'False', 'profiles_dir': '/home/usuario/examen_ing_de_sw_n_data_final/profiles', 'log_path': '/home/usuario/examen_ing_de_sw_n_data_final/dbt/logs', 'version_check': 'True', 'debug': 'False', 'use_colors': 'True', 'use_experimental_parser': 'False', 'no_print': 'None', 'quiet': 'False', 'log_format': 'default', 'introspect': 'True', 'warn_error_options': 'WarnErrorOptions(include=[], exclude=[])', 'invocation_command': 'dbt run --project-dir /home/usuario/examen_ing_de_sw_n_data_final/dbt', 'target_path': 'None', 'static_parser': 'True', 'send_anonymous_usage_stats': 'True'}
[0m15:23:55.296884 [debug] [MainThread]: Sending event: {'category': 'dbt', 'action': 'project_id', 'label': 'b8851c84-eca6-4225-bc20-7500696c63a2', 'context': [<snowplow_tracker.self_describing_json.SelfDescribingJson object at 0x7bc9d723e140>]}
[0m15:23:55.361655 [debug] [MainThread]: Sending event: {'category': 'dbt', 'action': 'adapter_info', 'label': 'b8851c84-eca6-4225-bc20-7500696c63a2', 'context': [<snowplow_tracker.self_describing_json.SelfDescribingJson object at 0x7bc9d562f490>]}
[0m15:23:55.362752 [info ] [MainThread]: Registered adapter: duckdb=1.8.0
[0m15:23:55.446872 [debug] [MainThread]: checksum: dbb12d416fdb55e3665e4828703bbedf40c5c90ed7ca6ff39bbbfb29b12b0a92, vars: {}, profile: , target: , version: 1.8.0
[0m15:23:55.595612 [debug] [MainThread]: Partial parsing enabled: 0 files deleted, 0 files added, 0 files changed.
[0m15:23:55.596078 [debug] [MainThread]: Partial parsing enabled, no changes found, skipping parsing
[0m15:23:55.645592 [debug] [MainThread]: Sending event: {'category': 'dbt', 'action': 'load_project', 'label': 'b8851c84-eca6-4225-bc20-7500696c63a2', 'context': [<snowplow_tracker.self_describing_json.SelfDescribingJson object at 0x7bc9cc537e50>]}
[0m15:23:55.765124 [debug] [MainThread]: Sending event: {'category': 'dbt', 'action': 'resource_counts', 'label': 'b8851c84-eca6-4225-bc20-7500696c63a2', 'context': [<snowplow_tracker.self_describing_json.SelfDescribingJson object at 0x7bc9cc536920>]}
[0m15:23:55.765773 [info ] [MainThread]: Found 2 models, 16 data tests, 422 macros
[0m15:23:55.766294 [debug] [MainThread]: Sending event: {'category': 'dbt', 'action': 'runnable_timing', 'label': 'b8851c84-eca6-4225-bc20-7500696c63a2', 'context': [<snowplow_tracker.self_describing_json.SelfDescribingJson object at 0x7bc9cc537df0>]}
[0m15:23:55.768251 [info ] [MainThread]: 
[0m15:23:55.768982 [debug] [MainThread]: Acquiring new duckdb connection 'master'
[0m15:23:55.775193 [debug] [ThreadPool]: Acquiring new duckdb connection 'list_medallion'
[0m15:23:55.831712 [debug] [ThreadPool]: Using duckdb connection "list_medallion"
[0m15:23:55.832324 [debug] [ThreadPool]: On list_medallion: /* {"app": "dbt", "dbt_version": "1.8.0", "profile_name": "medallion_duckdb", "target_name": "dev", "connection_name": "list_medallion"} */

    
    select schema_name
    from system.information_schema.schemata
    
    where catalog_name = '"medallion"'
    
  
  
[0m15:23:55.832829 [debug] [ThreadPool]: Opening a new connection, currently in state init
[0m15:23:55.862565 [debug] [ThreadPool]: SQL status: OK in 0.030 seconds
[0m15:23:55.864672 [debug] [ThreadPool]: On list_medallion: Close
[0m15:23:55.868393 [debug] [ThreadPool]: Re-using an available connection from the pool (formerly list_medallion, now create_medallion_main)
[0m15:23:55.869087 [debug] [ThreadPool]: Creating schema "database: "medallion"
schema: "main"
"
[0m15:23:55.877489 [debug] [ThreadPool]: Using duckdb connection "create_medallion_main"
[0m15:23:55.878192 [debug] [ThreadPool]: On create_medallion_main: /* {"app": "dbt", "dbt_version": "1.8.0", "profile_name": "medallion_duckdb", "target_name": "dev", "connection_name": "create_medallion_main"} */

    
        select type from duckdb_databases()
        where database_name='medallion'
        and type='sqlite'
    
  
[0m15:23:55.878631 [debug] [ThreadPool]: Opening a new connection, currently in state closed
[0m15:23:55.892324 [debug] [ThreadPool]: SQL status: OK in 0.014 seconds
[0m15:23:55.894122 [debug] [ThreadPool]: Using duckdb connection "create_medallion_main"
[0m15:23:55.894586 [debug] [ThreadPool]: On create_medallion_main: BEGIN
[0m15:23:55.895587 [debug] [ThreadPool]: SQL status: OK in 0.001 seconds
[0m15:23:55.896277 [debug] [ThreadPool]: Using duckdb connection "create_medallion_main"
[0m15:23:55.896749 [debug] [ThreadPool]: On create_medallion_main: /* {"app": "dbt", "dbt_version": "1.8.0", "profile_name": "medallion_duckdb", "target_name": "dev", "connection_name": "create_medallion_main"} */

    
    
        create schema if not exists "medallion"."main"
    
[0m15:23:55.898157 [debug] [ThreadPool]: SQL status: OK in 0.001 seconds
[0m15:23:55.899297 [debug] [ThreadPool]: On create_medallion_main: COMMIT
[0m15:23:55.899728 [debug] [ThreadPool]: Using duckdb connection "create_medallion_main"
[0m15:23:55.900084 [debug] [ThreadPool]: On create_medallion_main: COMMIT
[0m15:23:55.901060 [debug] [ThreadPool]: SQL status: OK in 0.001 seconds
[0m15:23:55.901526 [debug] [ThreadPool]: On create_medallion_main: Close
[0m15:23:55.905092 [debug] [ThreadPool]: Re-using an available connection from the pool (formerly create_medallion_main, now list_medallion_main)
[0m15:23:55.911635 [debug] [ThreadPool]: Using duckdb connection "list_medallion_main"
[0m15:23:55.912153 [debug] [ThreadPool]: On list_medallion_main: BEGIN
[0m15:23:55.912641 [debug] [ThreadPool]: Opening a new connection, currently in state closed
[0m15:23:55.926217 [debug] [ThreadPool]: SQL status: OK in 0.014 seconds
[0m15:23:55.926704 [debug] [ThreadPool]: Using duckdb connection "list_medallion_main"
[0m15:23:55.927126 [debug] [ThreadPool]: On list_medallion_main: /* {"app": "dbt", "dbt_version": "1.8.0", "profile_name": "medallion_duckdb", "target_name": "dev", "connection_name": "list_medallion_main"} */
select
      'medallion' as database,
      table_name as name,
      table_schema as schema,
      CASE table_type
        WHEN 'BASE TABLE' THEN 'table'
        WHEN 'VIEW' THEN 'view'
        WHEN 'LOCAL TEMPORARY' THEN 'table'
        END as type
    from system.information_schema.tables
    where table_schema = 'main'
    and table_catalog = 'medallion'
  
[0m15:23:55.946237 [debug] [ThreadPool]: SQL status: OK in 0.019 seconds
[0m15:23:55.947789 [debug] [ThreadPool]: On list_medallion_main: ROLLBACK
[0m15:23:55.948628 [debug] [ThreadPool]: Failed to rollback 'list_medallion_main'
[0m15:23:55.949064 [debug] [ThreadPool]: On list_medallion_main: Close
[0m15:23:55.952874 [debug] [MainThread]: Sending event: {'category': 'dbt', 'action': 'runnable_timing', 'label': 'b8851c84-eca6-4225-bc20-7500696c63a2', 'context': [<snowplow_tracker.self_describing_json.SelfDescribingJson object at 0x7bc9d72c04f0>]}
[0m15:23:55.953541 [debug] [MainThread]: Using duckdb connection "master"
[0m15:23:55.954197 [debug] [MainThread]: On master: BEGIN
[0m15:23:55.954600 [debug] [MainThread]: Opening a new connection, currently in state init
[0m15:23:55.969826 [debug] [MainThread]: SQL status: OK in 0.015 seconds
[0m15:23:55.970497 [debug] [MainThread]: On master: COMMIT
[0m15:23:55.970872 [debug] [MainThread]: Using duckdb connection "master"
[0m15:23:55.971233 [debug] [MainThread]: On master: COMMIT
[0m15:23:55.972126 [debug] [MainThread]: SQL status: OK in 0.000 seconds
[0m15:23:55.972566 [debug] [MainThread]: On master: Close
[0m15:23:55.975161 [info ] [MainThread]: Concurrency: 4 threads (target='dev')
[0m15:23:55.975773 [info ] [MainThread]: 
[0m15:23:55.980150 [debug] [Thread-1 (]: Began running node model.medallion_dbt.stg_transactions
[0m15:23:55.980942 [info ] [Thread-1 (]: 1 of 2 START sql view model main.stg_transactions .............................. [RUN]
[0m15:23:55.981811 [debug] [Thread-1 (]: Acquiring new duckdb connection 'model.medallion_dbt.stg_transactions'
[0m15:23:55.982420 [debug] [Thread-1 (]: Began compiling node model.medallion_dbt.stg_transactions
[0m15:23:55.995952 [debug] [Thread-1 (]: Writing injected SQL for node "model.medallion_dbt.stg_transactions"
[0m15:23:55.996956 [debug] [Thread-1 (]: Began executing node model.medallion_dbt.stg_transactions
[0m15:23:56.033130 [debug] [Thread-1 (]: Writing runtime sql for node "model.medallion_dbt.stg_transactions"
[0m15:23:56.034361 [debug] [Thread-1 (]: Using duckdb connection "model.medallion_dbt.stg_transactions"
[0m15:23:56.034876 [debug] [Thread-1 (]: On model.medallion_dbt.stg_transactions: BEGIN
[0m15:23:56.035297 [debug] [Thread-1 (]: Opening a new connection, currently in state init
[0m15:23:56.052712 [debug] [Thread-1 (]: SQL status: OK in 0.017 seconds
[0m15:23:56.053228 [debug] [Thread-1 (]: Using duckdb connection "model.medallion_dbt.stg_transactions"
[0m15:23:56.053672 [debug] [Thread-1 (]: On model.medallion_dbt.stg_transactions: /* {"app": "dbt", "dbt_version": "1.8.0", "profile_name": "medallion_duckdb", "target_name": "dev", "node_id": "model.medallion_dbt.stg_transactions"} */

  
  create view "medallion"."main"."stg_transactions__dbt_tmp" as (
    




with source as (

    select
        -- Identifiers
        cast(transaction_id as varchar)        as transaction_id,
        cast(customer_id as varchar)           as customer_id,

        -- Measures
        cast(amount as double)                 as amount,

        -- Status
        cast(status as varchar)                as status,

        -- Dates / timestamps
        cast(transaction_ts as timestamp)      as transaction_ts,
        cast(transaction_date as date)         as transaction_date

    from read_parquet(
        '/home/usuario/examen_ing_de_sw_n_data_final/data/clean/transactions_20251206_clean.parquet'
    )

)

select *
from source
  );

[0m15:23:56.060491 [debug] [Thread-1 (]: DuckDB adapter: Error running SQL: /* {"app": "dbt", "dbt_version": "1.8.0", "profile_name": "medallion_duckdb", "target_name": "dev", "node_id": "model.medallion_dbt.stg_transactions"} */

  
  create view "medallion"."main"."stg_transactions__dbt_tmp" as (
    




with source as (

    select
        -- Identifiers
        cast(transaction_id as varchar)        as transaction_id,
        cast(customer_id as varchar)           as customer_id,

        -- Measures
        cast(amount as double)                 as amount,

        -- Status
        cast(status as varchar)                as status,

        -- Dates / timestamps
        cast(transaction_ts as timestamp)      as transaction_ts,
        cast(transaction_date as date)         as transaction_date

    from read_parquet(
        '/home/usuario/examen_ing_de_sw_n_data_final/data/clean/transactions_20251206_clean.parquet'
    )

)

select *
from source
  );

[0m15:23:56.061195 [debug] [Thread-1 (]: DuckDB adapter: Rolling back transaction.
[0m15:23:56.061810 [debug] [Thread-1 (]: On model.medallion_dbt.stg_transactions: ROLLBACK
[0m15:23:56.066312 [debug] [Thread-1 (]: Failed to rollback 'model.medallion_dbt.stg_transactions'
[0m15:23:56.067033 [debug] [Thread-1 (]: On model.medallion_dbt.stg_transactions: Close
[0m15:23:56.072239 [debug] [Thread-1 (]: Runtime Error in model stg_transactions (models/staging/stg_transactions.sql)
  IO Error: No files found that match the pattern "/home/usuario/examen_ing_de_sw_n_data_final/data/clean/transactions_20251206_clean.parquet"
  
  LINE 27:     from read_parquet(
                    ^
[0m15:23:56.074608 [debug] [Thread-1 (]: Sending event: {'category': 'dbt', 'action': 'run_model', 'label': 'b8851c84-eca6-4225-bc20-7500696c63a2', 'context': [<snowplow_tracker.self_describing_json.SelfDescribingJson object at 0x7bc9cc0577c0>]}
[0m15:23:56.075450 [error] [Thread-1 (]: 1 of 2 ERROR creating sql view model main.stg_transactions ..................... [[31mERROR[0m in 0.09s]
[0m15:23:56.076309 [debug] [Thread-1 (]: Finished running node model.medallion_dbt.stg_transactions
[0m15:23:56.078525 [debug] [Thread-3 (]: Began running node model.medallion_dbt.fct_customer_transactions
[0m15:23:56.079162 [info ] [Thread-3 (]: 2 of 2 SKIP relation main.fct_customer_transactions ............................ [[33mSKIP[0m]
[0m15:23:56.079802 [debug] [Thread-3 (]: Finished running node model.medallion_dbt.fct_customer_transactions
[0m15:23:56.082222 [debug] [MainThread]: Using duckdb connection "master"
[0m15:23:56.082716 [debug] [MainThread]: On master: BEGIN
[0m15:23:56.083045 [debug] [MainThread]: Opening a new connection, currently in state closed
[0m15:23:56.096122 [debug] [MainThread]: SQL status: OK in 0.013 seconds
[0m15:23:56.096719 [debug] [MainThread]: On master: COMMIT
[0m15:23:56.097135 [debug] [MainThread]: Using duckdb connection "master"
[0m15:23:56.097584 [debug] [MainThread]: On master: COMMIT
[0m15:23:56.098498 [debug] [MainThread]: SQL status: OK in 0.000 seconds
[0m15:23:56.098974 [debug] [MainThread]: On master: Close
[0m15:23:56.101593 [debug] [MainThread]: Connection 'master' was properly closed.
[0m15:23:56.102216 [debug] [MainThread]: Connection 'list_medallion_main' was properly closed.
[0m15:23:56.102602 [debug] [MainThread]: Connection 'model.medallion_dbt.stg_transactions' was properly closed.
[0m15:23:56.103015 [info ] [MainThread]: 
[0m15:23:56.103485 [info ] [MainThread]: Finished running 1 view model, 1 table model in 0 hours 0 minutes and 0.33 seconds (0.33s).
[0m15:23:56.104415 [debug] [MainThread]: Command end result
[0m15:23:56.206528 [info ] [MainThread]: 
[0m15:23:56.207248 [info ] [MainThread]: [31mCompleted with 1 error and 0 warnings:[0m
[0m15:23:56.207724 [info ] [MainThread]: 
[0m15:23:56.208335 [error] [MainThread]:   Runtime Error in model stg_transactions (models/staging/stg_transactions.sql)
  IO Error: No files found that match the pattern "/home/usuario/examen_ing_de_sw_n_data_final/data/clean/transactions_20251206_clean.parquet"
  
  LINE 27:     from read_parquet(
                    ^
[0m15:23:56.208818 [info ] [MainThread]: 
[0m15:23:56.209333 [info ] [MainThread]: Done. PASS=0 WARN=0 ERROR=1 SKIP=1 TOTAL=2
[0m15:23:56.210530 [debug] [MainThread]: Resource report: {"command_name": "run", "command_wall_clock_time": 1.4083606, "process_user_time": 2.625101, "process_kernel_time": 0.406026, "process_mem_max_rss": "146916", "process_out_blocks": "1896", "command_success": false, "process_in_blocks": "0"}
[0m15:23:56.211268 [debug] [MainThread]: Command `dbt run` failed at 15:23:56.211117 after 1.41 seconds
[0m15:23:56.212079 [debug] [MainThread]: Sending event: {'category': 'dbt', 'action': 'invocation', 'label': 'end', 'context': [<snowplow_tracker.self_describing_json.SelfDescribingJson object at 0x7bc9d73a0820>, <snowplow_tracker.self_describing_json.SelfDescribingJson object at 0x7bc9d523e2f0>, <snowplow_tracker.self_describing_json.SelfDescribingJson object at 0x7bc9d71b96f0>]}
[0m15:23:56.212634 [debug] [MainThread]: Flushing usage events
[0m15:29:04.082017 [debug] [MainThread]: Sending event: {'category': 'dbt', 'action': 'invocation', 'label': 'start', 'context': [<snowplow_tracker.self_describing_json.SelfDescribingJson object at 0x731fa7da0880>, <snowplow_tracker.self_describing_json.SelfDescribingJson object at 0x731fa5dcb430>, <snowplow_tracker.self_describing_json.SelfDescribingJson object at 0x731fa5dcb3d0>]}


============================== 15:29:04.085977 | e50f7c5b-3004-4034-810f-5ff31c8b1875 ==============================
[0m15:29:04.085977 [info ] [MainThread]: Running with dbt=1.8.0
[0m15:29:04.086909 [debug] [MainThread]: running dbt with arguments {'printer_width': '80', 'indirect_selection': 'eager', 'log_cache_events': 'False', 'write_json': 'True', 'partial_parse': 'True', 'cache_selected_only': 'False', 'warn_error': 'None', 'fail_fast': 'False', 'profiles_dir': '/home/usuario/examen_ing_de_sw_n_data_final/profiles', 'log_path': '/home/usuario/examen_ing_de_sw_n_data_final/dbt/logs', 'version_check': 'True', 'debug': 'False', 'use_colors': 'True', 'use_experimental_parser': 'False', 'no_print': 'None', 'quiet': 'False', 'warn_error_options': 'WarnErrorOptions(include=[], exclude=[])', 'invocation_command': 'dbt run --project-dir /home/usuario/examen_ing_de_sw_n_data_final/dbt', 'introspect': 'True', 'log_format': 'default', 'target_path': 'None', 'static_parser': 'True', 'send_anonymous_usage_stats': 'True'}
[0m15:29:04.360403 [debug] [MainThread]: Sending event: {'category': 'dbt', 'action': 'project_id', 'label': 'e50f7c5b-3004-4034-810f-5ff31c8b1875', 'context': [<snowplow_tracker.self_describing_json.SelfDescribingJson object at 0x731fa7c3e1a0>]}
[0m15:29:04.428268 [debug] [MainThread]: Sending event: {'category': 'dbt', 'action': 'adapter_info', 'label': 'e50f7c5b-3004-4034-810f-5ff31c8b1875', 'context': [<snowplow_tracker.self_describing_json.SelfDescribingJson object at 0x731fa5d37790>]}
[0m15:29:04.429166 [info ] [MainThread]: Registered adapter: duckdb=1.8.0
[0m15:29:04.514843 [debug] [MainThread]: checksum: dbb12d416fdb55e3665e4828703bbedf40c5c90ed7ca6ff39bbbfb29b12b0a92, vars: {}, profile: , target: , version: 1.8.0
[0m15:29:04.662581 [debug] [MainThread]: Partial parsing enabled: 0 files deleted, 0 files added, 0 files changed.
[0m15:29:04.663048 [debug] [MainThread]: Partial parsing enabled, no changes found, skipping parsing
[0m15:29:04.713951 [debug] [MainThread]: Sending event: {'category': 'dbt', 'action': 'load_project', 'label': 'e50f7c5b-3004-4034-810f-5ff31c8b1875', 'context': [<snowplow_tracker.self_describing_json.SelfDescribingJson object at 0x731f9cf37eb0>]}
[0m15:29:04.832510 [debug] [MainThread]: Sending event: {'category': 'dbt', 'action': 'resource_counts', 'label': 'e50f7c5b-3004-4034-810f-5ff31c8b1875', 'context': [<snowplow_tracker.self_describing_json.SelfDescribingJson object at 0x731f9cf340d0>]}
[0m15:29:04.833377 [info ] [MainThread]: Found 2 models, 16 data tests, 422 macros
[0m15:29:04.834042 [debug] [MainThread]: Sending event: {'category': 'dbt', 'action': 'runnable_timing', 'label': 'e50f7c5b-3004-4034-810f-5ff31c8b1875', 'context': [<snowplow_tracker.self_describing_json.SelfDescribingJson object at 0x731f9cf37e80>]}
[0m15:29:04.836006 [info ] [MainThread]: 
[0m15:29:04.836670 [debug] [MainThread]: Acquiring new duckdb connection 'master'
[0m15:29:04.842283 [debug] [ThreadPool]: Acquiring new duckdb connection 'list_medallion'
[0m15:29:04.890568 [debug] [ThreadPool]: Using duckdb connection "list_medallion"
[0m15:29:04.891024 [debug] [ThreadPool]: On list_medallion: /* {"app": "dbt", "dbt_version": "1.8.0", "profile_name": "medallion_duckdb", "target_name": "dev", "connection_name": "list_medallion"} */

    
    select schema_name
    from system.information_schema.schemata
    
    where catalog_name = '"medallion"'
    
  
  
[0m15:29:04.891364 [debug] [ThreadPool]: Opening a new connection, currently in state init
[0m15:29:04.912300 [debug] [ThreadPool]: SQL status: OK in 0.021 seconds
[0m15:29:04.914043 [debug] [ThreadPool]: On list_medallion: Close
[0m15:29:04.919222 [debug] [ThreadPool]: Re-using an available connection from the pool (formerly list_medallion, now create_medallion_main)
[0m15:29:04.919854 [debug] [ThreadPool]: Creating schema "database: "medallion"
schema: "main"
"
[0m15:29:04.927426 [debug] [ThreadPool]: Using duckdb connection "create_medallion_main"
[0m15:29:04.927892 [debug] [ThreadPool]: On create_medallion_main: /* {"app": "dbt", "dbt_version": "1.8.0", "profile_name": "medallion_duckdb", "target_name": "dev", "connection_name": "create_medallion_main"} */

    
        select type from duckdb_databases()
        where database_name='medallion'
        and type='sqlite'
    
  
[0m15:29:04.928239 [debug] [ThreadPool]: Opening a new connection, currently in state closed
[0m15:29:04.941339 [debug] [ThreadPool]: SQL status: OK in 0.013 seconds
[0m15:29:04.943000 [debug] [ThreadPool]: Using duckdb connection "create_medallion_main"
[0m15:29:04.943420 [debug] [ThreadPool]: On create_medallion_main: BEGIN
[0m15:29:04.944351 [debug] [ThreadPool]: SQL status: OK in 0.001 seconds
[0m15:29:04.944740 [debug] [ThreadPool]: Using duckdb connection "create_medallion_main"
[0m15:29:04.945097 [debug] [ThreadPool]: On create_medallion_main: /* {"app": "dbt", "dbt_version": "1.8.0", "profile_name": "medallion_duckdb", "target_name": "dev", "connection_name": "create_medallion_main"} */

    
    
        create schema if not exists "medallion"."main"
    
[0m15:29:04.946194 [debug] [ThreadPool]: SQL status: OK in 0.001 seconds
[0m15:29:04.947199 [debug] [ThreadPool]: On create_medallion_main: COMMIT
[0m15:29:04.947584 [debug] [ThreadPool]: Using duckdb connection "create_medallion_main"
[0m15:29:04.947991 [debug] [ThreadPool]: On create_medallion_main: COMMIT
[0m15:29:04.949004 [debug] [ThreadPool]: SQL status: OK in 0.001 seconds
[0m15:29:04.949731 [debug] [ThreadPool]: On create_medallion_main: Close
[0m15:29:04.954030 [debug] [ThreadPool]: Re-using an available connection from the pool (formerly create_medallion_main, now list_medallion_main)
[0m15:29:04.960041 [debug] [ThreadPool]: Using duckdb connection "list_medallion_main"
[0m15:29:04.960494 [debug] [ThreadPool]: On list_medallion_main: BEGIN
[0m15:29:04.960820 [debug] [ThreadPool]: Opening a new connection, currently in state closed
[0m15:29:04.973902 [debug] [ThreadPool]: SQL status: OK in 0.013 seconds
[0m15:29:04.974476 [debug] [ThreadPool]: Using duckdb connection "list_medallion_main"
[0m15:29:04.974853 [debug] [ThreadPool]: On list_medallion_main: /* {"app": "dbt", "dbt_version": "1.8.0", "profile_name": "medallion_duckdb", "target_name": "dev", "connection_name": "list_medallion_main"} */
select
      'medallion' as database,
      table_name as name,
      table_schema as schema,
      CASE table_type
        WHEN 'BASE TABLE' THEN 'table'
        WHEN 'VIEW' THEN 'view'
        WHEN 'LOCAL TEMPORARY' THEN 'table'
        END as type
    from system.information_schema.tables
    where table_schema = 'main'
    and table_catalog = 'medallion'
  
[0m15:29:04.990043 [debug] [ThreadPool]: SQL status: OK in 0.015 seconds
[0m15:29:04.991718 [debug] [ThreadPool]: On list_medallion_main: ROLLBACK
[0m15:29:04.992445 [debug] [ThreadPool]: Failed to rollback 'list_medallion_main'
[0m15:29:04.992771 [debug] [ThreadPool]: On list_medallion_main: Close
[0m15:29:04.995718 [debug] [MainThread]: Sending event: {'category': 'dbt', 'action': 'runnable_timing', 'label': 'e50f7c5b-3004-4034-810f-5ff31c8b1875', 'context': [<snowplow_tracker.self_describing_json.SelfDescribingJson object at 0x731fa7b85f00>]}
[0m15:29:04.996286 [debug] [MainThread]: Using duckdb connection "master"
[0m15:29:04.996664 [debug] [MainThread]: On master: BEGIN
[0m15:29:04.996964 [debug] [MainThread]: Opening a new connection, currently in state init
[0m15:29:05.010410 [debug] [MainThread]: SQL status: OK in 0.013 seconds
[0m15:29:05.010958 [debug] [MainThread]: On master: COMMIT
[0m15:29:05.011286 [debug] [MainThread]: Using duckdb connection "master"
[0m15:29:05.011591 [debug] [MainThread]: On master: COMMIT
[0m15:29:05.012269 [debug] [MainThread]: SQL status: OK in 0.000 seconds
[0m15:29:05.012667 [debug] [MainThread]: On master: Close
[0m15:29:05.015117 [info ] [MainThread]: Concurrency: 4 threads (target='dev')
[0m15:29:05.015728 [info ] [MainThread]: 
[0m15:29:05.019406 [debug] [Thread-1 (]: Began running node model.medallion_dbt.stg_transactions
[0m15:29:05.020194 [info ] [Thread-1 (]: 1 of 2 START sql view model main.stg_transactions .............................. [RUN]
[0m15:29:05.021090 [debug] [Thread-1 (]: Acquiring new duckdb connection 'model.medallion_dbt.stg_transactions'
[0m15:29:05.021639 [debug] [Thread-1 (]: Began compiling node model.medallion_dbt.stg_transactions
[0m15:29:05.034624 [debug] [Thread-1 (]: Writing injected SQL for node "model.medallion_dbt.stg_transactions"
[0m15:29:05.035458 [debug] [Thread-1 (]: Began executing node model.medallion_dbt.stg_transactions
[0m15:29:05.071437 [debug] [Thread-1 (]: Writing runtime sql for node "model.medallion_dbt.stg_transactions"
[0m15:29:05.072228 [debug] [Thread-1 (]: Using duckdb connection "model.medallion_dbt.stg_transactions"
[0m15:29:05.072688 [debug] [Thread-1 (]: On model.medallion_dbt.stg_transactions: BEGIN
[0m15:29:05.073048 [debug] [Thread-1 (]: Opening a new connection, currently in state init
[0m15:29:05.087791 [debug] [Thread-1 (]: SQL status: OK in 0.015 seconds
[0m15:29:05.088344 [debug] [Thread-1 (]: Using duckdb connection "model.medallion_dbt.stg_transactions"
[0m15:29:05.088766 [debug] [Thread-1 (]: On model.medallion_dbt.stg_transactions: /* {"app": "dbt", "dbt_version": "1.8.0", "profile_name": "medallion_duckdb", "target_name": "dev", "node_id": "model.medallion_dbt.stg_transactions"} */

  
  create view "medallion"."main"."stg_transactions__dbt_tmp" as (
    




with source as (

    select
        -- Identifiers
        cast(transaction_id as varchar)        as transaction_id,
        cast(customer_id as varchar)           as customer_id,

        -- Measures
        cast(amount as double)                 as amount,

        -- Status
        cast(status as varchar)                as status,

        -- Dates / timestamps
        cast(transaction_ts as timestamp)      as transaction_ts,
        cast(transaction_date as date)         as transaction_date

    from read_parquet(
        '/home/usuario/examen_ing_de_sw_n_data_final/data/clean/transactions_20251206_clean.parquet'
    )

)

select *
from source
  );

[0m15:29:05.090899 [debug] [Thread-1 (]: DuckDB adapter: Error running SQL: /* {"app": "dbt", "dbt_version": "1.8.0", "profile_name": "medallion_duckdb", "target_name": "dev", "node_id": "model.medallion_dbt.stg_transactions"} */

  
  create view "medallion"."main"."stg_transactions__dbt_tmp" as (
    




with source as (

    select
        -- Identifiers
        cast(transaction_id as varchar)        as transaction_id,
        cast(customer_id as varchar)           as customer_id,

        -- Measures
        cast(amount as double)                 as amount,

        -- Status
        cast(status as varchar)                as status,

        -- Dates / timestamps
        cast(transaction_ts as timestamp)      as transaction_ts,
        cast(transaction_date as date)         as transaction_date

    from read_parquet(
        '/home/usuario/examen_ing_de_sw_n_data_final/data/clean/transactions_20251206_clean.parquet'
    )

)

select *
from source
  );

[0m15:29:05.091452 [debug] [Thread-1 (]: DuckDB adapter: Rolling back transaction.
[0m15:29:05.092033 [debug] [Thread-1 (]: On model.medallion_dbt.stg_transactions: ROLLBACK
[0m15:29:05.094734 [debug] [Thread-1 (]: Failed to rollback 'model.medallion_dbt.stg_transactions'
[0m15:29:05.095150 [debug] [Thread-1 (]: On model.medallion_dbt.stg_transactions: Close
[0m15:29:05.099763 [debug] [Thread-1 (]: Runtime Error in model stg_transactions (models/staging/stg_transactions.sql)
  IO Error: No files found that match the pattern "/home/usuario/examen_ing_de_sw_n_data_final/data/clean/transactions_20251206_clean.parquet"
  
  LINE 27:     from read_parquet(
                    ^
[0m15:29:05.101553 [debug] [Thread-1 (]: Sending event: {'category': 'dbt', 'action': 'run_model', 'label': 'e50f7c5b-3004-4034-810f-5ff31c8b1875', 'context': [<snowplow_tracker.self_describing_json.SelfDescribingJson object at 0x731f9c25f820>]}
[0m15:29:05.102286 [error] [Thread-1 (]: 1 of 2 ERROR creating sql view model main.stg_transactions ..................... [[31mERROR[0m in 0.08s]
[0m15:29:05.103034 [debug] [Thread-1 (]: Finished running node model.medallion_dbt.stg_transactions
[0m15:29:05.105001 [debug] [Thread-3 (]: Began running node model.medallion_dbt.fct_customer_transactions
[0m15:29:05.105675 [info ] [Thread-3 (]: 2 of 2 SKIP relation main.fct_customer_transactions ............................ [[33mSKIP[0m]
[0m15:29:05.106345 [debug] [Thread-3 (]: Finished running node model.medallion_dbt.fct_customer_transactions
[0m15:29:05.108614 [debug] [MainThread]: Using duckdb connection "master"
[0m15:29:05.108977 [debug] [MainThread]: On master: BEGIN
[0m15:29:05.109486 [debug] [MainThread]: Opening a new connection, currently in state closed
[0m15:29:05.122504 [debug] [MainThread]: SQL status: OK in 0.013 seconds
[0m15:29:05.122967 [debug] [MainThread]: On master: COMMIT
[0m15:29:05.123302 [debug] [MainThread]: Using duckdb connection "master"
[0m15:29:05.123619 [debug] [MainThread]: On master: COMMIT
[0m15:29:05.124372 [debug] [MainThread]: SQL status: OK in 0.000 seconds
[0m15:29:05.124735 [debug] [MainThread]: On master: Close
[0m15:29:05.127091 [debug] [MainThread]: Connection 'master' was properly closed.
[0m15:29:05.127505 [debug] [MainThread]: Connection 'list_medallion_main' was properly closed.
[0m15:29:05.127851 [debug] [MainThread]: Connection 'model.medallion_dbt.stg_transactions' was properly closed.
[0m15:29:05.128204 [info ] [MainThread]: 
[0m15:29:05.128644 [info ] [MainThread]: Finished running 1 view model, 1 table model in 0 hours 0 minutes and 0.29 seconds (0.29s).
[0m15:29:05.129549 [debug] [MainThread]: Command end result
[0m15:29:05.235975 [info ] [MainThread]: 
[0m15:29:05.236719 [info ] [MainThread]: [31mCompleted with 1 error and 0 warnings:[0m
[0m15:29:05.237248 [info ] [MainThread]: 
[0m15:29:05.237879 [error] [MainThread]:   Runtime Error in model stg_transactions (models/staging/stg_transactions.sql)
  IO Error: No files found that match the pattern "/home/usuario/examen_ing_de_sw_n_data_final/data/clean/transactions_20251206_clean.parquet"
  
  LINE 27:     from read_parquet(
                    ^
[0m15:29:05.238379 [info ] [MainThread]: 
[0m15:29:05.238886 [info ] [MainThread]: Done. PASS=0 WARN=0 ERROR=1 SKIP=1 TOTAL=2
[0m15:29:05.240030 [debug] [MainThread]: Resource report: {"command_name": "run", "command_wall_clock_time": 1.224069, "process_user_time": 2.535439, "process_kernel_time": 0.216978, "process_mem_max_rss": "146024", "process_out_blocks": "1896", "command_success": false, "process_in_blocks": "0"}
[0m15:29:05.240768 [debug] [MainThread]: Command `dbt run` failed at 15:29:05.240631 after 1.22 seconds
[0m15:29:05.241271 [debug] [MainThread]: Sending event: {'category': 'dbt', 'action': 'invocation', 'label': 'end', 'context': [<snowplow_tracker.self_describing_json.SelfDescribingJson object at 0x731fa7da0880>, <snowplow_tracker.self_describing_json.SelfDescribingJson object at 0x731fa7bbd6c0>, <snowplow_tracker.self_describing_json.SelfDescribingJson object at 0x731f9e0539d0>]}
[0m15:29:05.241777 [debug] [MainThread]: Flushing usage events
[0m15:31:56.399307 [debug] [MainThread]: Sending event: {'category': 'dbt', 'action': 'invocation', 'label': 'start', 'context': [<snowplow_tracker.self_describing_json.SelfDescribingJson object at 0x7bb88b47c850>, <snowplow_tracker.self_describing_json.SelfDescribingJson object at 0x7bb88a84eb60>, <snowplow_tracker.self_describing_json.SelfDescribingJson object at 0x7bb8894f6f20>]}


============================== 15:31:56.402689 | 2b0c4bcf-b2be-4071-b5b8-889f17cd54b2 ==============================
[0m15:31:56.402689 [info ] [MainThread]: Running with dbt=1.8.0
[0m15:31:56.403333 [debug] [MainThread]: running dbt with arguments {'printer_width': '80', 'indirect_selection': 'eager', 'write_json': 'True', 'log_cache_events': 'False', 'partial_parse': 'True', 'cache_selected_only': 'False', 'warn_error': 'None', 'fail_fast': 'False', 'debug': 'False', 'log_path': '/home/usuario/examen_ing_de_sw_n_data_final/dbt/logs', 'profiles_dir': '/home/usuario/examen_ing_de_sw_n_data_final/profiles', 'version_check': 'True', 'use_colors': 'True', 'use_experimental_parser': 'False', 'no_print': 'None', 'quiet': 'False', 'log_format': 'default', 'introspect': 'True', 'invocation_command': 'dbt run --project-dir /home/usuario/examen_ing_de_sw_n_data_final/dbt', 'static_parser': 'True', 'target_path': 'None', 'warn_error_options': 'WarnErrorOptions(include=[], exclude=[])', 'send_anonymous_usage_stats': 'True'}
[0m15:31:56.635539 [debug] [MainThread]: Sending event: {'category': 'dbt', 'action': 'project_id', 'label': '2b0c4bcf-b2be-4071-b5b8-889f17cd54b2', 'context': [<snowplow_tracker.self_describing_json.SelfDescribingJson object at 0x7bb88b31e170>]}
[0m15:31:56.693238 [debug] [MainThread]: Sending event: {'category': 'dbt', 'action': 'adapter_info', 'label': '2b0c4bcf-b2be-4071-b5b8-889f17cd54b2', 'context': [<snowplow_tracker.self_describing_json.SelfDescribingJson object at 0x7bb88953e830>]}
[0m15:31:56.694161 [info ] [MainThread]: Registered adapter: duckdb=1.8.0
[0m15:31:56.773712 [debug] [MainThread]: checksum: dbb12d416fdb55e3665e4828703bbedf40c5c90ed7ca6ff39bbbfb29b12b0a92, vars: {}, profile: , target: , version: 1.8.0
[0m15:31:56.899851 [debug] [MainThread]: Partial parsing enabled: 0 files deleted, 0 files added, 0 files changed.
[0m15:31:56.900296 [debug] [MainThread]: Partial parsing enabled, no changes found, skipping parsing
[0m15:31:56.950496 [debug] [MainThread]: Sending event: {'category': 'dbt', 'action': 'load_project', 'label': '2b0c4bcf-b2be-4071-b5b8-889f17cd54b2', 'context': [<snowplow_tracker.self_describing_json.SelfDescribingJson object at 0x7bb88155fe80>]}
[0m15:31:57.059817 [debug] [MainThread]: Sending event: {'category': 'dbt', 'action': 'resource_counts', 'label': '2b0c4bcf-b2be-4071-b5b8-889f17cd54b2', 'context': [<snowplow_tracker.self_describing_json.SelfDescribingJson object at 0x7bb88155e8f0>]}
[0m15:31:57.060570 [info ] [MainThread]: Found 2 models, 16 data tests, 422 macros
[0m15:31:57.061004 [debug] [MainThread]: Sending event: {'category': 'dbt', 'action': 'runnable_timing', 'label': '2b0c4bcf-b2be-4071-b5b8-889f17cd54b2', 'context': [<snowplow_tracker.self_describing_json.SelfDescribingJson object at 0x7bb88155fe50>]}
[0m15:31:57.063078 [info ] [MainThread]: 
[0m15:31:57.063796 [debug] [MainThread]: Acquiring new duckdb connection 'master'
[0m15:31:57.069585 [debug] [ThreadPool]: Acquiring new duckdb connection 'list_medallion'
[0m15:31:57.109725 [debug] [ThreadPool]: Using duckdb connection "list_medallion"
[0m15:31:57.110285 [debug] [ThreadPool]: On list_medallion: /* {"app": "dbt", "dbt_version": "1.8.0", "profile_name": "medallion_duckdb", "target_name": "dev", "connection_name": "list_medallion"} */

    
    select schema_name
    from system.information_schema.schemata
    
    where catalog_name = '"medallion"'
    
  
  
[0m15:31:57.110695 [debug] [ThreadPool]: Opening a new connection, currently in state init
[0m15:31:57.128556 [debug] [ThreadPool]: SQL status: OK in 0.018 seconds
[0m15:31:57.130294 [debug] [ThreadPool]: On list_medallion: Close
[0m15:31:57.133649 [debug] [ThreadPool]: Re-using an available connection from the pool (formerly list_medallion, now create_medallion_main)
[0m15:31:57.134319 [debug] [ThreadPool]: Creating schema "database: "medallion"
schema: "main"
"
[0m15:31:57.142698 [debug] [ThreadPool]: Using duckdb connection "create_medallion_main"
[0m15:31:57.143300 [debug] [ThreadPool]: On create_medallion_main: /* {"app": "dbt", "dbt_version": "1.8.0", "profile_name": "medallion_duckdb", "target_name": "dev", "connection_name": "create_medallion_main"} */

    
        select type from duckdb_databases()
        where database_name='medallion'
        and type='sqlite'
    
  
[0m15:31:57.143695 [debug] [ThreadPool]: Opening a new connection, currently in state closed
[0m15:31:57.158083 [debug] [ThreadPool]: SQL status: OK in 0.014 seconds
[0m15:31:57.159878 [debug] [ThreadPool]: Using duckdb connection "create_medallion_main"
[0m15:31:57.160337 [debug] [ThreadPool]: On create_medallion_main: BEGIN
[0m15:31:57.161372 [debug] [ThreadPool]: SQL status: OK in 0.001 seconds
[0m15:31:57.161791 [debug] [ThreadPool]: Using duckdb connection "create_medallion_main"
[0m15:31:57.162155 [debug] [ThreadPool]: On create_medallion_main: /* {"app": "dbt", "dbt_version": "1.8.0", "profile_name": "medallion_duckdb", "target_name": "dev", "connection_name": "create_medallion_main"} */

    
    
        create schema if not exists "medallion"."main"
    
[0m15:31:57.163158 [debug] [ThreadPool]: SQL status: OK in 0.001 seconds
[0m15:31:57.164236 [debug] [ThreadPool]: On create_medallion_main: COMMIT
[0m15:31:57.164671 [debug] [ThreadPool]: Using duckdb connection "create_medallion_main"
[0m15:31:57.165095 [debug] [ThreadPool]: On create_medallion_main: COMMIT
[0m15:31:57.165987 [debug] [ThreadPool]: SQL status: OK in 0.001 seconds
[0m15:31:57.166378 [debug] [ThreadPool]: On create_medallion_main: Close
[0m15:31:57.169948 [debug] [ThreadPool]: Re-using an available connection from the pool (formerly create_medallion_main, now list_medallion_main)
[0m15:31:57.176320 [debug] [ThreadPool]: Using duckdb connection "list_medallion_main"
[0m15:31:57.176877 [debug] [ThreadPool]: On list_medallion_main: BEGIN
[0m15:31:57.177241 [debug] [ThreadPool]: Opening a new connection, currently in state closed
[0m15:31:57.189321 [debug] [ThreadPool]: SQL status: OK in 0.012 seconds
[0m15:31:57.189822 [debug] [ThreadPool]: Using duckdb connection "list_medallion_main"
[0m15:31:57.190203 [debug] [ThreadPool]: On list_medallion_main: /* {"app": "dbt", "dbt_version": "1.8.0", "profile_name": "medallion_duckdb", "target_name": "dev", "connection_name": "list_medallion_main"} */
select
      'medallion' as database,
      table_name as name,
      table_schema as schema,
      CASE table_type
        WHEN 'BASE TABLE' THEN 'table'
        WHEN 'VIEW' THEN 'view'
        WHEN 'LOCAL TEMPORARY' THEN 'table'
        END as type
    from system.information_schema.tables
    where table_schema = 'main'
    and table_catalog = 'medallion'
  
[0m15:31:57.203717 [debug] [ThreadPool]: SQL status: OK in 0.013 seconds
[0m15:31:57.205244 [debug] [ThreadPool]: On list_medallion_main: ROLLBACK
[0m15:31:57.205856 [debug] [ThreadPool]: Failed to rollback 'list_medallion_main'
[0m15:31:57.206196 [debug] [ThreadPool]: On list_medallion_main: Close
[0m15:31:57.209165 [debug] [MainThread]: Sending event: {'category': 'dbt', 'action': 'runnable_timing', 'label': '2b0c4bcf-b2be-4071-b5b8-889f17cd54b2', 'context': [<snowplow_tracker.self_describing_json.SelfDescribingJson object at 0x7bb881591ff0>]}
[0m15:31:57.209805 [debug] [MainThread]: Using duckdb connection "master"
[0m15:31:57.210192 [debug] [MainThread]: On master: BEGIN
[0m15:31:57.210486 [debug] [MainThread]: Opening a new connection, currently in state init
[0m15:31:57.224939 [debug] [MainThread]: SQL status: OK in 0.014 seconds
[0m15:31:57.225502 [debug] [MainThread]: On master: COMMIT
[0m15:31:57.225876 [debug] [MainThread]: Using duckdb connection "master"
[0m15:31:57.226191 [debug] [MainThread]: On master: COMMIT
[0m15:31:57.226880 [debug] [MainThread]: SQL status: OK in 0.000 seconds
[0m15:31:57.227245 [debug] [MainThread]: On master: Close
[0m15:31:57.230473 [info ] [MainThread]: Concurrency: 4 threads (target='dev')
[0m15:31:57.231018 [info ] [MainThread]: 
[0m15:31:57.234951 [debug] [Thread-1 (]: Began running node model.medallion_dbt.stg_transactions
[0m15:31:57.235689 [info ] [Thread-1 (]: 1 of 2 START sql view model main.stg_transactions .............................. [RUN]
[0m15:31:57.236840 [debug] [Thread-1 (]: Acquiring new duckdb connection 'model.medallion_dbt.stg_transactions'
[0m15:31:57.237322 [debug] [Thread-1 (]: Began compiling node model.medallion_dbt.stg_transactions
[0m15:31:57.248261 [debug] [Thread-1 (]: Writing injected SQL for node "model.medallion_dbt.stg_transactions"
[0m15:31:57.249191 [debug] [Thread-1 (]: Began executing node model.medallion_dbt.stg_transactions
[0m15:31:57.280486 [debug] [Thread-1 (]: Writing runtime sql for node "model.medallion_dbt.stg_transactions"
[0m15:31:57.281307 [debug] [Thread-1 (]: Using duckdb connection "model.medallion_dbt.stg_transactions"
[0m15:31:57.281792 [debug] [Thread-1 (]: On model.medallion_dbt.stg_transactions: BEGIN
[0m15:31:57.282136 [debug] [Thread-1 (]: Opening a new connection, currently in state init
[0m15:31:57.295514 [debug] [Thread-1 (]: SQL status: OK in 0.013 seconds
[0m15:31:57.296154 [debug] [Thread-1 (]: Using duckdb connection "model.medallion_dbt.stg_transactions"
[0m15:31:57.296614 [debug] [Thread-1 (]: On model.medallion_dbt.stg_transactions: /* {"app": "dbt", "dbt_version": "1.8.0", "profile_name": "medallion_duckdb", "target_name": "dev", "node_id": "model.medallion_dbt.stg_transactions"} */

  
  create view "medallion"."main"."stg_transactions__dbt_tmp" as (
    




with source as (

    select
        -- Identifiers
        cast(transaction_id as varchar)        as transaction_id,
        cast(customer_id as varchar)           as customer_id,

        -- Measures
        cast(amount as double)                 as amount,

        -- Status
        cast(status as varchar)                as status,

        -- Dates / timestamps
        cast(transaction_ts as timestamp)      as transaction_ts,
        cast(transaction_date as date)         as transaction_date

    from read_parquet(
        '/home/usuario/examen_ing_de_sw_n_data_final/data/clean/transactions_20251206_clean.parquet'
    )

)

select *
from source
  );

[0m15:31:57.297956 [debug] [Thread-1 (]: DuckDB adapter: Error running SQL: /* {"app": "dbt", "dbt_version": "1.8.0", "profile_name": "medallion_duckdb", "target_name": "dev", "node_id": "model.medallion_dbt.stg_transactions"} */

  
  create view "medallion"."main"."stg_transactions__dbt_tmp" as (
    




with source as (

    select
        -- Identifiers
        cast(transaction_id as varchar)        as transaction_id,
        cast(customer_id as varchar)           as customer_id,

        -- Measures
        cast(amount as double)                 as amount,

        -- Status
        cast(status as varchar)                as status,

        -- Dates / timestamps
        cast(transaction_ts as timestamp)      as transaction_ts,
        cast(transaction_date as date)         as transaction_date

    from read_parquet(
        '/home/usuario/examen_ing_de_sw_n_data_final/data/clean/transactions_20251206_clean.parquet'
    )

)

select *
from source
  );

[0m15:31:57.298418 [debug] [Thread-1 (]: DuckDB adapter: Rolling back transaction.
[0m15:31:57.298939 [debug] [Thread-1 (]: On model.medallion_dbt.stg_transactions: ROLLBACK
[0m15:31:57.300892 [debug] [Thread-1 (]: Failed to rollback 'model.medallion_dbt.stg_transactions'
[0m15:31:57.301460 [debug] [Thread-1 (]: On model.medallion_dbt.stg_transactions: Close
[0m15:31:57.305202 [debug] [Thread-1 (]: Runtime Error in model stg_transactions (models/staging/stg_transactions.sql)
  IO Error: No files found that match the pattern "/home/usuario/examen_ing_de_sw_n_data_final/data/clean/transactions_20251206_clean.parquet"
  
  LINE 27:     from read_parquet(
                    ^
[0m15:31:57.306915 [debug] [Thread-1 (]: Sending event: {'category': 'dbt', 'action': 'run_model', 'label': '2b0c4bcf-b2be-4071-b5b8-889f17cd54b2', 'context': [<snowplow_tracker.self_describing_json.SelfDescribingJson object at 0x7bb8801837f0>]}
[0m15:31:57.307624 [error] [Thread-1 (]: 1 of 2 ERROR creating sql view model main.stg_transactions ..................... [[31mERROR[0m in 0.07s]
[0m15:31:57.308357 [debug] [Thread-1 (]: Finished running node model.medallion_dbt.stg_transactions
[0m15:31:57.310327 [debug] [Thread-3 (]: Began running node model.medallion_dbt.fct_customer_transactions
[0m15:31:57.311018 [info ] [Thread-3 (]: 2 of 2 SKIP relation main.fct_customer_transactions ............................ [[33mSKIP[0m]
[0m15:31:57.311591 [debug] [Thread-3 (]: Finished running node model.medallion_dbt.fct_customer_transactions
[0m15:31:57.313595 [debug] [MainThread]: Using duckdb connection "master"
[0m15:31:57.314010 [debug] [MainThread]: On master: BEGIN
[0m15:31:57.314319 [debug] [MainThread]: Opening a new connection, currently in state closed
[0m15:31:57.327989 [debug] [MainThread]: SQL status: OK in 0.014 seconds
[0m15:31:57.328586 [debug] [MainThread]: On master: COMMIT
[0m15:31:57.328953 [debug] [MainThread]: Using duckdb connection "master"
[0m15:31:57.329292 [debug] [MainThread]: On master: COMMIT
[0m15:31:57.329993 [debug] [MainThread]: SQL status: OK in 0.000 seconds
[0m15:31:57.330342 [debug] [MainThread]: On master: Close
[0m15:31:57.333621 [debug] [MainThread]: Connection 'master' was properly closed.
[0m15:31:57.334202 [debug] [MainThread]: Connection 'list_medallion_main' was properly closed.
[0m15:31:57.334660 [debug] [MainThread]: Connection 'model.medallion_dbt.stg_transactions' was properly closed.
[0m15:31:57.335138 [info ] [MainThread]: 
[0m15:31:57.335852 [info ] [MainThread]: Finished running 1 view model, 1 table model in 0 hours 0 minutes and 0.27 seconds (0.27s).
[0m15:31:57.337327 [debug] [MainThread]: Command end result
[0m15:31:57.424688 [info ] [MainThread]: 
[0m15:31:57.425501 [info ] [MainThread]: [31mCompleted with 1 error and 0 warnings:[0m
[0m15:31:57.426026 [info ] [MainThread]: 
[0m15:31:57.426585 [error] [MainThread]:   Runtime Error in model stg_transactions (models/staging/stg_transactions.sql)
  IO Error: No files found that match the pattern "/home/usuario/examen_ing_de_sw_n_data_final/data/clean/transactions_20251206_clean.parquet"
  
  LINE 27:     from read_parquet(
                    ^
[0m15:31:57.427057 [info ] [MainThread]: 
[0m15:31:57.427519 [info ] [MainThread]: Done. PASS=0 WARN=0 ERROR=1 SKIP=1 TOTAL=2
[0m15:31:57.428605 [debug] [MainThread]: Resource report: {"command_name": "run", "command_wall_clock_time": 1.0898865, "process_user_time": 2.273712, "process_kernel_time": 0.257098, "process_mem_max_rss": "145808", "process_out_blocks": "1896", "command_success": false, "process_in_blocks": "0"}
[0m15:31:57.429299 [debug] [MainThread]: Command `dbt run` failed at 15:31:57.429172 after 1.09 seconds
[0m15:31:57.429814 [debug] [MainThread]: Sending event: {'category': 'dbt', 'action': 'invocation', 'label': 'end', 'context': [<snowplow_tracker.self_describing_json.SelfDescribingJson object at 0x7bb88b47c850>, <snowplow_tracker.self_describing_json.SelfDescribingJson object at 0x7bb88168ee00>, <snowplow_tracker.self_describing_json.SelfDescribingJson object at 0x7bb88b31e170>]}
[0m15:31:57.430307 [debug] [MainThread]: Flushing usage events
[0m15:43:40.631902 [debug] [MainThread]: Sending event: {'category': 'dbt', 'action': 'invocation', 'label': 'start', 'context': [<snowplow_tracker.self_describing_json.SelfDescribingJson object at 0x795eece58910>, <snowplow_tracker.self_describing_json.SelfDescribingJson object at 0x795eeaf6c100>, <snowplow_tracker.self_describing_json.SelfDescribingJson object at 0x795eeaf6c0a0>]}


============================== 15:43:40.635293 | b8304aaf-297b-4281-a2e2-c226cfe3600d ==============================
[0m15:43:40.635293 [info ] [MainThread]: Running with dbt=1.8.0
[0m15:43:40.635902 [debug] [MainThread]: running dbt with arguments {'printer_width': '80', 'indirect_selection': 'eager', 'log_cache_events': 'False', 'write_json': 'True', 'partial_parse': 'True', 'cache_selected_only': 'False', 'warn_error': 'None', 'fail_fast': 'False', 'version_check': 'True', 'log_path': '/home/usuario/examen_ing_de_sw_n_data_final/dbt/logs', 'debug': 'False', 'profiles_dir': '/home/usuario/examen_ing_de_sw_n_data_final/profiles', 'use_colors': 'True', 'use_experimental_parser': 'False', 'no_print': 'None', 'quiet': 'False', 'log_format': 'default', 'introspect': 'True', 'warn_error_options': 'WarnErrorOptions(include=[], exclude=[])', 'static_parser': 'True', 'target_path': 'None', 'invocation_command': 'dbt run --project-dir /home/usuario/examen_ing_de_sw_n_data_final/dbt', 'send_anonymous_usage_stats': 'True'}
[0m15:43:40.944989 [debug] [MainThread]: Sending event: {'category': 'dbt', 'action': 'project_id', 'label': 'b8304aaf-297b-4281-a2e2-c226cfe3600d', 'context': [<snowplow_tracker.self_describing_json.SelfDescribingJson object at 0x795eeccfa230>]}
[0m15:43:41.007355 [debug] [MainThread]: Sending event: {'category': 'dbt', 'action': 'adapter_info', 'label': 'b8304aaf-297b-4281-a2e2-c226cfe3600d', 'context': [<snowplow_tracker.self_describing_json.SelfDescribingJson object at 0x795eeb137580>]}
[0m15:43:41.008253 [info ] [MainThread]: Registered adapter: duckdb=1.8.0
[0m15:43:41.092501 [debug] [MainThread]: checksum: dbb12d416fdb55e3665e4828703bbedf40c5c90ed7ca6ff39bbbfb29b12b0a92, vars: {}, profile: , target: , version: 1.8.0
[0m15:43:41.236963 [debug] [MainThread]: Partial parsing enabled: 0 files deleted, 0 files added, 0 files changed.
[0m15:43:41.237460 [debug] [MainThread]: Partial parsing enabled, no changes found, skipping parsing
[0m15:43:41.291631 [debug] [MainThread]: Sending event: {'category': 'dbt', 'action': 'load_project', 'label': 'b8304aaf-297b-4281-a2e2-c226cfe3600d', 'context': [<snowplow_tracker.self_describing_json.SelfDescribingJson object at 0x795ee2f3bf40>]}
[0m15:43:41.417186 [debug] [MainThread]: Sending event: {'category': 'dbt', 'action': 'resource_counts', 'label': 'b8304aaf-297b-4281-a2e2-c226cfe3600d', 'context': [<snowplow_tracker.self_describing_json.SelfDescribingJson object at 0x795ee2f38070>]}
[0m15:43:41.418243 [info ] [MainThread]: Found 2 models, 16 data tests, 422 macros
[0m15:43:41.418726 [debug] [MainThread]: Sending event: {'category': 'dbt', 'action': 'runnable_timing', 'label': 'b8304aaf-297b-4281-a2e2-c226cfe3600d', 'context': [<snowplow_tracker.self_describing_json.SelfDescribingJson object at 0x795ee2f3bf10>]}
[0m15:43:41.420673 [info ] [MainThread]: 
[0m15:43:41.421458 [debug] [MainThread]: Acquiring new duckdb connection 'master'
[0m15:43:41.427347 [debug] [ThreadPool]: Acquiring new duckdb connection 'list_medallion'
[0m15:43:41.476455 [debug] [ThreadPool]: Using duckdb connection "list_medallion"
[0m15:43:41.476951 [debug] [ThreadPool]: On list_medallion: /* {"app": "dbt", "dbt_version": "1.8.0", "profile_name": "medallion_duckdb", "target_name": "dev", "connection_name": "list_medallion"} */

    
    select schema_name
    from system.information_schema.schemata
    
    where catalog_name = '"medallion"'
    
  
  
[0m15:43:41.477373 [debug] [ThreadPool]: Opening a new connection, currently in state init
[0m15:43:41.504963 [debug] [ThreadPool]: SQL status: OK in 0.027 seconds
[0m15:43:41.507125 [debug] [ThreadPool]: On list_medallion: Close
[0m15:43:41.510559 [debug] [ThreadPool]: Re-using an available connection from the pool (formerly list_medallion, now create_medallion_main)
[0m15:43:41.511338 [debug] [ThreadPool]: Creating schema "database: "medallion"
schema: "main"
"
[0m15:43:41.520553 [debug] [ThreadPool]: Using duckdb connection "create_medallion_main"
[0m15:43:41.521138 [debug] [ThreadPool]: On create_medallion_main: /* {"app": "dbt", "dbt_version": "1.8.0", "profile_name": "medallion_duckdb", "target_name": "dev", "connection_name": "create_medallion_main"} */

    
        select type from duckdb_databases()
        where database_name='medallion'
        and type='sqlite'
    
  
[0m15:43:41.521496 [debug] [ThreadPool]: Opening a new connection, currently in state closed
[0m15:43:41.535880 [debug] [ThreadPool]: SQL status: OK in 0.014 seconds
[0m15:43:41.537615 [debug] [ThreadPool]: Using duckdb connection "create_medallion_main"
[0m15:43:41.538097 [debug] [ThreadPool]: On create_medallion_main: BEGIN
[0m15:43:41.539118 [debug] [ThreadPool]: SQL status: OK in 0.001 seconds
[0m15:43:41.539492 [debug] [ThreadPool]: Using duckdb connection "create_medallion_main"
[0m15:43:41.539806 [debug] [ThreadPool]: On create_medallion_main: /* {"app": "dbt", "dbt_version": "1.8.0", "profile_name": "medallion_duckdb", "target_name": "dev", "connection_name": "create_medallion_main"} */

    
    
        create schema if not exists "medallion"."main"
    
[0m15:43:41.540989 [debug] [ThreadPool]: SQL status: OK in 0.001 seconds
[0m15:43:41.541969 [debug] [ThreadPool]: On create_medallion_main: COMMIT
[0m15:43:41.542310 [debug] [ThreadPool]: Using duckdb connection "create_medallion_main"
[0m15:43:41.542650 [debug] [ThreadPool]: On create_medallion_main: COMMIT
[0m15:43:41.543350 [debug] [ThreadPool]: SQL status: OK in 0.000 seconds
[0m15:43:41.543716 [debug] [ThreadPool]: On create_medallion_main: Close
[0m15:43:41.547135 [debug] [ThreadPool]: Re-using an available connection from the pool (formerly create_medallion_main, now list_medallion_main)
[0m15:43:41.554253 [debug] [ThreadPool]: Using duckdb connection "list_medallion_main"
[0m15:43:41.554750 [debug] [ThreadPool]: On list_medallion_main: BEGIN
[0m15:43:41.555171 [debug] [ThreadPool]: Opening a new connection, currently in state closed
[0m15:43:41.568231 [debug] [ThreadPool]: SQL status: OK in 0.013 seconds
[0m15:43:41.568890 [debug] [ThreadPool]: Using duckdb connection "list_medallion_main"
[0m15:43:41.569298 [debug] [ThreadPool]: On list_medallion_main: /* {"app": "dbt", "dbt_version": "1.8.0", "profile_name": "medallion_duckdb", "target_name": "dev", "connection_name": "list_medallion_main"} */
select
      'medallion' as database,
      table_name as name,
      table_schema as schema,
      CASE table_type
        WHEN 'BASE TABLE' THEN 'table'
        WHEN 'VIEW' THEN 'view'
        WHEN 'LOCAL TEMPORARY' THEN 'table'
        END as type
    from system.information_schema.tables
    where table_schema = 'main'
    and table_catalog = 'medallion'
  
[0m15:43:41.587011 [debug] [ThreadPool]: SQL status: OK in 0.017 seconds
[0m15:43:41.588545 [debug] [ThreadPool]: On list_medallion_main: ROLLBACK
[0m15:43:41.589226 [debug] [ThreadPool]: Failed to rollback 'list_medallion_main'
[0m15:43:41.589547 [debug] [ThreadPool]: On list_medallion_main: Close
[0m15:43:41.592827 [debug] [MainThread]: Sending event: {'category': 'dbt', 'action': 'runnable_timing', 'label': 'b8304aaf-297b-4281-a2e2-c226cfe3600d', 'context': [<snowplow_tracker.self_describing_json.SelfDescribingJson object at 0x795eecc1bfa0>]}
[0m15:43:41.593491 [debug] [MainThread]: Using duckdb connection "master"
[0m15:43:41.593818 [debug] [MainThread]: On master: BEGIN
[0m15:43:41.594168 [debug] [MainThread]: Opening a new connection, currently in state init
[0m15:43:41.609408 [debug] [MainThread]: SQL status: OK in 0.015 seconds
[0m15:43:41.609872 [debug] [MainThread]: On master: COMMIT
[0m15:43:41.610285 [debug] [MainThread]: Using duckdb connection "master"
[0m15:43:41.610599 [debug] [MainThread]: On master: COMMIT
[0m15:43:41.611648 [debug] [MainThread]: SQL status: OK in 0.001 seconds
[0m15:43:41.612071 [debug] [MainThread]: On master: Close
[0m15:43:41.614251 [info ] [MainThread]: Concurrency: 4 threads (target='dev')
[0m15:43:41.614749 [info ] [MainThread]: 
[0m15:43:41.619035 [debug] [Thread-1 (]: Began running node model.medallion_dbt.stg_transactions
[0m15:43:41.619770 [info ] [Thread-1 (]: 1 of 2 START sql view model main.stg_transactions .............................. [RUN]
[0m15:43:41.620629 [debug] [Thread-1 (]: Acquiring new duckdb connection 'model.medallion_dbt.stg_transactions'
[0m15:43:41.621040 [debug] [Thread-1 (]: Began compiling node model.medallion_dbt.stg_transactions
[0m15:43:41.632491 [debug] [Thread-1 (]: Writing injected SQL for node "model.medallion_dbt.stg_transactions"
[0m15:43:41.633358 [debug] [Thread-1 (]: Began executing node model.medallion_dbt.stg_transactions
[0m15:43:41.671582 [debug] [Thread-1 (]: Writing runtime sql for node "model.medallion_dbt.stg_transactions"
[0m15:43:41.672462 [debug] [Thread-1 (]: Using duckdb connection "model.medallion_dbt.stg_transactions"
[0m15:43:41.672932 [debug] [Thread-1 (]: On model.medallion_dbt.stg_transactions: BEGIN
[0m15:43:41.673281 [debug] [Thread-1 (]: Opening a new connection, currently in state init
[0m15:43:41.689207 [debug] [Thread-1 (]: SQL status: OK in 0.016 seconds
[0m15:43:41.689912 [debug] [Thread-1 (]: Using duckdb connection "model.medallion_dbt.stg_transactions"
[0m15:43:41.690317 [debug] [Thread-1 (]: On model.medallion_dbt.stg_transactions: /* {"app": "dbt", "dbt_version": "1.8.0", "profile_name": "medallion_duckdb", "target_name": "dev", "node_id": "model.medallion_dbt.stg_transactions"} */

  
  create view "medallion"."main"."stg_transactions__dbt_tmp" as (
    




with source as (

    select
        -- Identifiers
        cast(transaction_id as varchar)        as transaction_id,
        cast(customer_id as varchar)           as customer_id,

        -- Measures
        cast(amount as double)                 as amount,

        -- Status
        cast(status as varchar)                as status,

        -- Dates / timestamps
        cast(transaction_ts as timestamp)      as transaction_ts,
        cast(transaction_date as date)         as transaction_date

    from read_parquet(
        '/home/usuario/examen_ing_de_sw_n_data_final/data/clean/transactions_20251206_clean.parquet'
    )

)

select *
from source
  );

[0m15:43:41.694632 [debug] [Thread-1 (]: DuckDB adapter: Error running SQL: /* {"app": "dbt", "dbt_version": "1.8.0", "profile_name": "medallion_duckdb", "target_name": "dev", "node_id": "model.medallion_dbt.stg_transactions"} */

  
  create view "medallion"."main"."stg_transactions__dbt_tmp" as (
    




with source as (

    select
        -- Identifiers
        cast(transaction_id as varchar)        as transaction_id,
        cast(customer_id as varchar)           as customer_id,

        -- Measures
        cast(amount as double)                 as amount,

        -- Status
        cast(status as varchar)                as status,

        -- Dates / timestamps
        cast(transaction_ts as timestamp)      as transaction_ts,
        cast(transaction_date as date)         as transaction_date

    from read_parquet(
        '/home/usuario/examen_ing_de_sw_n_data_final/data/clean/transactions_20251206_clean.parquet'
    )

)

select *
from source
  );

[0m15:43:41.695222 [debug] [Thread-1 (]: DuckDB adapter: Rolling back transaction.
[0m15:43:41.695766 [debug] [Thread-1 (]: On model.medallion_dbt.stg_transactions: ROLLBACK
[0m15:43:41.699043 [debug] [Thread-1 (]: Failed to rollback 'model.medallion_dbt.stg_transactions'
[0m15:43:41.699584 [debug] [Thread-1 (]: On model.medallion_dbt.stg_transactions: Close
[0m15:43:41.704240 [debug] [Thread-1 (]: Runtime Error in model stg_transactions (models/staging/stg_transactions.sql)
  IO Error: No files found that match the pattern "/home/usuario/examen_ing_de_sw_n_data_final/data/clean/transactions_20251206_clean.parquet"
  
  LINE 27:     from read_parquet(
                    ^
[0m15:43:41.706069 [debug] [Thread-1 (]: Sending event: {'category': 'dbt', 'action': 'run_model', 'label': 'b8304aaf-297b-4281-a2e2-c226cfe3600d', 'context': [<snowplow_tracker.self_describing_json.SelfDescribingJson object at 0x795ee136b8b0>]}
[0m15:43:41.706872 [error] [Thread-1 (]: 1 of 2 ERROR creating sql view model main.stg_transactions ..................... [[31mERROR[0m in 0.08s]
[0m15:43:41.707613 [debug] [Thread-1 (]: Finished running node model.medallion_dbt.stg_transactions
[0m15:43:41.709145 [debug] [Thread-3 (]: Began running node model.medallion_dbt.fct_customer_transactions
[0m15:43:41.709855 [info ] [Thread-3 (]: 2 of 2 SKIP relation main.fct_customer_transactions ............................ [[33mSKIP[0m]
[0m15:43:41.710643 [debug] [Thread-3 (]: Finished running node model.medallion_dbt.fct_customer_transactions
[0m15:43:41.713221 [debug] [MainThread]: Using duckdb connection "master"
[0m15:43:41.713684 [debug] [MainThread]: On master: BEGIN
[0m15:43:41.714003 [debug] [MainThread]: Opening a new connection, currently in state closed
[0m15:43:41.726580 [debug] [MainThread]: SQL status: OK in 0.012 seconds
[0m15:43:41.727147 [debug] [MainThread]: On master: COMMIT
[0m15:43:41.727535 [debug] [MainThread]: Using duckdb connection "master"
[0m15:43:41.727849 [debug] [MainThread]: On master: COMMIT
[0m15:43:41.728538 [debug] [MainThread]: SQL status: OK in 0.000 seconds
[0m15:43:41.728914 [debug] [MainThread]: On master: Close
[0m15:43:41.731343 [debug] [MainThread]: Connection 'master' was properly closed.
[0m15:43:41.731780 [debug] [MainThread]: Connection 'list_medallion_main' was properly closed.
[0m15:43:41.732126 [debug] [MainThread]: Connection 'model.medallion_dbt.stg_transactions' was properly closed.
[0m15:43:41.732502 [info ] [MainThread]: 
[0m15:43:41.732900 [info ] [MainThread]: Finished running 1 view model, 1 table model in 0 hours 0 minutes and 0.31 seconds (0.31s).
[0m15:43:41.733719 [debug] [MainThread]: Command end result
[0m15:43:41.838085 [info ] [MainThread]: 
[0m15:43:41.838871 [info ] [MainThread]: [31mCompleted with 1 error and 0 warnings:[0m
[0m15:43:41.839351 [info ] [MainThread]: 
[0m15:43:41.839882 [error] [MainThread]:   Runtime Error in model stg_transactions (models/staging/stg_transactions.sql)
  IO Error: No files found that match the pattern "/home/usuario/examen_ing_de_sw_n_data_final/data/clean/transactions_20251206_clean.parquet"
  
  LINE 27:     from read_parquet(
                    ^
[0m15:43:41.840326 [info ] [MainThread]: 
[0m15:43:41.840766 [info ] [MainThread]: Done. PASS=0 WARN=0 ERROR=1 SKIP=1 TOTAL=2
[0m15:43:41.841780 [debug] [MainThread]: Resource report: {"command_name": "run", "command_wall_clock_time": 1.2743019, "process_user_time": 2.378016, "process_kernel_time": 0.377778, "process_mem_max_rss": "146780", "process_out_blocks": "1888", "command_success": false, "process_in_blocks": "0"}
[0m15:43:41.842446 [debug] [MainThread]: Command `dbt run` failed at 15:43:41.842322 after 1.28 seconds
[0m15:43:41.842945 [debug] [MainThread]: Sending event: {'category': 'dbt', 'action': 'invocation', 'label': 'end', 'context': [<snowplow_tracker.self_describing_json.SelfDescribingJson object at 0x795eece58910>, <snowplow_tracker.self_describing_json.SelfDescribingJson object at 0x795ee3066f50>, <snowplow_tracker.self_describing_json.SelfDescribingJson object at 0x795ee306c7f0>]}
[0m15:43:41.843409 [debug] [MainThread]: Flushing usage events
[0m20:15:07.118464 [debug] [MainThread]: Sending event: {'category': 'dbt', 'action': 'invocation', 'label': 'start', 'context': [<snowplow_tracker.self_describing_json.SelfDescribingJson object at 0x7b98f584c910>, <snowplow_tracker.self_describing_json.SelfDescribingJson object at 0x7b98f3960100>, <snowplow_tracker.self_describing_json.SelfDescribingJson object at 0x7b98f39600a0>]}


============================== 20:15:07.125082 | 42ee9fed-8bf8-4dc6-a08c-4fd114f150d1 ==============================
[0m20:15:07.125082 [info ] [MainThread]: Running with dbt=1.8.0
[0m20:15:07.125756 [debug] [MainThread]: running dbt with arguments {'printer_width': '80', 'indirect_selection': 'eager', 'write_json': 'True', 'log_cache_events': 'False', 'partial_parse': 'True', 'cache_selected_only': 'False', 'warn_error': 'None', 'debug': 'False', 'profiles_dir': '/home/usuario/examen_ing_de_sw_n_data_final/profiles', 'log_path': '/home/usuario/examen_ing_de_sw_n_data_final/dbt/logs', 'fail_fast': 'False', 'version_check': 'True', 'use_colors': 'True', 'use_experimental_parser': 'False', 'no_print': 'None', 'quiet': 'False', 'warn_error_options': 'WarnErrorOptions(include=[], exclude=[])', 'introspect': 'True', 'log_format': 'default', 'static_parser': 'True', 'target_path': 'None', 'invocation_command': 'dbt run --project-dir /home/usuario/examen_ing_de_sw_n_data_final/dbt', 'send_anonymous_usage_stats': 'True'}
[0m20:15:07.601397 [debug] [MainThread]: Sending event: {'category': 'dbt', 'action': 'project_id', 'label': '42ee9fed-8bf8-4dc6-a08c-4fd114f150d1', 'context': [<snowplow_tracker.self_describing_json.SelfDescribingJson object at 0x7b98f56ee230>]}
[0m20:15:07.662446 [debug] [MainThread]: Sending event: {'category': 'dbt', 'action': 'adapter_info', 'label': '42ee9fed-8bf8-4dc6-a08c-4fd114f150d1', 'context': [<snowplow_tracker.self_describing_json.SelfDescribingJson object at 0x7b98f3b2b580>]}
[0m20:15:07.664036 [info ] [MainThread]: Registered adapter: duckdb=1.8.0
[0m20:15:07.751740 [debug] [MainThread]: checksum: dbb12d416fdb55e3665e4828703bbedf40c5c90ed7ca6ff39bbbfb29b12b0a92, vars: {}, profile: , target: , version: 1.8.0
[0m20:15:07.942158 [debug] [MainThread]: Partial parsing enabled: 0 files deleted, 0 files added, 1 files changed.
[0m20:15:07.943392 [debug] [MainThread]: Partial parsing: updated file: medallion_dbt://models/staging/stg_transactions.sql
[0m20:15:08.213639 [warn ] [MainThread]: [[33mWARNING[0m]: Deprecated functionality
The `tests` config has been renamed to `data_tests`. Please see
https://docs.getdbt.com/docs/build/data-tests#new-data_tests-syntax for more
information.
[0m20:15:08.214235 [debug] [MainThread]: Sending event: {'category': 'dbt', 'action': 'deprecation', 'label': '42ee9fed-8bf8-4dc6-a08c-4fd114f150d1', 'property_': 'warn', 'context': [<snowplow_tracker.self_describing_json.SelfDescribingJson object at 0x7b98ebcfeef0>]}
[0m20:15:08.444985 [debug] [MainThread]: Sending event: {'category': 'dbt', 'action': 'load_project', 'label': '42ee9fed-8bf8-4dc6-a08c-4fd114f150d1', 'context': [<snowplow_tracker.self_describing_json.SelfDescribingJson object at 0x7b98ea8e25c0>]}
[0m20:15:08.658157 [debug] [MainThread]: Sending event: {'category': 'dbt', 'action': 'resource_counts', 'label': '42ee9fed-8bf8-4dc6-a08c-4fd114f150d1', 'context': [<snowplow_tracker.self_describing_json.SelfDescribingJson object at 0x7b98eb9c6b90>]}
[0m20:15:08.658944 [info ] [MainThread]: Found 2 models, 16 data tests, 422 macros
[0m20:15:08.659468 [debug] [MainThread]: Sending event: {'category': 'dbt', 'action': 'runnable_timing', 'label': '42ee9fed-8bf8-4dc6-a08c-4fd114f150d1', 'context': [<snowplow_tracker.self_describing_json.SelfDescribingJson object at 0x7b98eb9c7af0>]}
[0m20:15:08.661779 [info ] [MainThread]: 
[0m20:15:08.662542 [debug] [MainThread]: Acquiring new duckdb connection 'master'
[0m20:15:08.669848 [debug] [ThreadPool]: Acquiring new duckdb connection 'list_medallion'
[0m20:15:08.715652 [debug] [ThreadPool]: Using duckdb connection "list_medallion"
[0m20:15:08.716122 [debug] [ThreadPool]: On list_medallion: /* {"app": "dbt", "dbt_version": "1.8.0", "profile_name": "medallion_duckdb", "target_name": "dev", "connection_name": "list_medallion"} */

    
    select schema_name
    from system.information_schema.schemata
    
    where catalog_name = '"medallion"'
    
  
  
[0m20:15:08.716610 [debug] [ThreadPool]: Opening a new connection, currently in state init
[0m20:15:08.758756 [debug] [ThreadPool]: SQL status: OK in 0.042 seconds
[0m20:15:08.760338 [debug] [ThreadPool]: On list_medallion: Close
[0m20:15:08.763858 [debug] [ThreadPool]: Re-using an available connection from the pool (formerly list_medallion, now create_medallion_main)
[0m20:15:08.764457 [debug] [ThreadPool]: Creating schema "database: "medallion"
schema: "main"
"
[0m20:15:08.772913 [debug] [ThreadPool]: Using duckdb connection "create_medallion_main"
[0m20:15:08.773384 [debug] [ThreadPool]: On create_medallion_main: /* {"app": "dbt", "dbt_version": "1.8.0", "profile_name": "medallion_duckdb", "target_name": "dev", "connection_name": "create_medallion_main"} */

    
        select type from duckdb_databases()
        where database_name='medallion'
        and type='sqlite'
    
  
[0m20:15:08.773725 [debug] [ThreadPool]: Opening a new connection, currently in state closed
[0m20:15:08.786864 [debug] [ThreadPool]: SQL status: OK in 0.013 seconds
[0m20:15:08.788456 [debug] [ThreadPool]: Using duckdb connection "create_medallion_main"
[0m20:15:08.788803 [debug] [ThreadPool]: On create_medallion_main: BEGIN
[0m20:15:08.789642 [debug] [ThreadPool]: SQL status: OK in 0.001 seconds
[0m20:15:08.789994 [debug] [ThreadPool]: Using duckdb connection "create_medallion_main"
[0m20:15:08.790304 [debug] [ThreadPool]: On create_medallion_main: /* {"app": "dbt", "dbt_version": "1.8.0", "profile_name": "medallion_duckdb", "target_name": "dev", "connection_name": "create_medallion_main"} */

    
    
        create schema if not exists "medallion"."main"
    
[0m20:15:08.791146 [debug] [ThreadPool]: SQL status: OK in 0.000 seconds
[0m20:15:08.792058 [debug] [ThreadPool]: On create_medallion_main: COMMIT
[0m20:15:08.792385 [debug] [ThreadPool]: Using duckdb connection "create_medallion_main"
[0m20:15:08.792718 [debug] [ThreadPool]: On create_medallion_main: COMMIT
[0m20:15:08.793474 [debug] [ThreadPool]: SQL status: OK in 0.000 seconds
[0m20:15:08.793843 [debug] [ThreadPool]: On create_medallion_main: Close
[0m20:15:08.797030 [debug] [ThreadPool]: Re-using an available connection from the pool (formerly create_medallion_main, now list_medallion_main)
[0m20:15:08.804218 [debug] [ThreadPool]: Using duckdb connection "list_medallion_main"
[0m20:15:08.804666 [debug] [ThreadPool]: On list_medallion_main: BEGIN
[0m20:15:08.804997 [debug] [ThreadPool]: Opening a new connection, currently in state closed
[0m20:15:08.816826 [debug] [ThreadPool]: SQL status: OK in 0.012 seconds
[0m20:15:08.817309 [debug] [ThreadPool]: Using duckdb connection "list_medallion_main"
[0m20:15:08.817670 [debug] [ThreadPool]: On list_medallion_main: /* {"app": "dbt", "dbt_version": "1.8.0", "profile_name": "medallion_duckdb", "target_name": "dev", "connection_name": "list_medallion_main"} */
select
      'medallion' as database,
      table_name as name,
      table_schema as schema,
      CASE table_type
        WHEN 'BASE TABLE' THEN 'table'
        WHEN 'VIEW' THEN 'view'
        WHEN 'LOCAL TEMPORARY' THEN 'table'
        END as type
    from system.information_schema.tables
    where table_schema = 'main'
    and table_catalog = 'medallion'
  
[0m20:15:08.837007 [debug] [ThreadPool]: SQL status: OK in 0.019 seconds
[0m20:15:08.838545 [debug] [ThreadPool]: On list_medallion_main: ROLLBACK
[0m20:15:08.840189 [debug] [ThreadPool]: Failed to rollback 'list_medallion_main'
[0m20:15:08.840606 [debug] [ThreadPool]: On list_medallion_main: Close
[0m20:15:08.844037 [debug] [MainThread]: Sending event: {'category': 'dbt', 'action': 'runnable_timing', 'label': '42ee9fed-8bf8-4dc6-a08c-4fd114f150d1', 'context': [<snowplow_tracker.self_describing_json.SelfDescribingJson object at 0x7b98eb9c8910>]}
[0m20:15:08.844613 [debug] [MainThread]: Using duckdb connection "master"
[0m20:15:08.845076 [debug] [MainThread]: On master: BEGIN
[0m20:15:08.845497 [debug] [MainThread]: Opening a new connection, currently in state init
[0m20:15:08.859726 [debug] [MainThread]: SQL status: OK in 0.014 seconds
[0m20:15:08.860207 [debug] [MainThread]: On master: COMMIT
[0m20:15:08.860559 [debug] [MainThread]: Using duckdb connection "master"
[0m20:15:08.860869 [debug] [MainThread]: On master: COMMIT
[0m20:15:08.861613 [debug] [MainThread]: SQL status: OK in 0.000 seconds
[0m20:15:08.862039 [debug] [MainThread]: On master: Close
[0m20:15:08.864776 [info ] [MainThread]: Concurrency: 4 threads (target='dev')
[0m20:15:08.865334 [info ] [MainThread]: 
[0m20:15:08.870979 [debug] [Thread-1 (]: Began running node model.medallion_dbt.stg_transactions
[0m20:15:08.871671 [info ] [Thread-1 (]: 1 of 2 START sql view model main.stg_transactions .............................. [RUN]
[0m20:15:08.872339 [debug] [Thread-1 (]: Acquiring new duckdb connection 'model.medallion_dbt.stg_transactions'
[0m20:15:08.872703 [debug] [Thread-1 (]: Began compiling node model.medallion_dbt.stg_transactions
[0m20:15:08.882950 [debug] [Thread-1 (]: Writing injected SQL for node "model.medallion_dbt.stg_transactions"
[0m20:15:08.883998 [debug] [Thread-1 (]: Began executing node model.medallion_dbt.stg_transactions
[0m20:15:08.917004 [debug] [Thread-1 (]: Writing runtime sql for node "model.medallion_dbt.stg_transactions"
[0m20:15:08.918017 [debug] [Thread-1 (]: Using duckdb connection "model.medallion_dbt.stg_transactions"
[0m20:15:08.918524 [debug] [Thread-1 (]: On model.medallion_dbt.stg_transactions: BEGIN
[0m20:15:08.918938 [debug] [Thread-1 (]: Opening a new connection, currently in state init
[0m20:15:08.933600 [debug] [Thread-1 (]: SQL status: OK in 0.015 seconds
[0m20:15:08.934177 [debug] [Thread-1 (]: Using duckdb connection "model.medallion_dbt.stg_transactions"
[0m20:15:08.934694 [debug] [Thread-1 (]: On model.medallion_dbt.stg_transactions: /* {"app": "dbt", "dbt_version": "1.8.0", "profile_name": "medallion_duckdb", "target_name": "dev", "node_id": "model.medallion_dbt.stg_transactions"} */

  
  create view "medallion"."main"."stg_transactions__dbt_tmp" as (
    




with source as (

    select
        cast(transaction_id as varchar)   as transaction_id,
        cast(customer_id as varchar)      as customer_id,
        cast(amount as double)            as amount,
        cast(status as varchar)           as status,
        cast(transaction_ts as timestamp) as transaction_ts,
        cast(transaction_date as date)    as transaction_date

    from read_parquet(
        '/home/usuario/examen_ing_de_sw_n_data_final/data/clean/transactions_20251206_clean.parquet'
    )

)

select *
from source
  );

[0m20:15:08.960881 [debug] [Thread-1 (]: DuckDB adapter: Error running SQL: /* {"app": "dbt", "dbt_version": "1.8.0", "profile_name": "medallion_duckdb", "target_name": "dev", "node_id": "model.medallion_dbt.stg_transactions"} */

  
  create view "medallion"."main"."stg_transactions__dbt_tmp" as (
    




with source as (

    select
        cast(transaction_id as varchar)   as transaction_id,
        cast(customer_id as varchar)      as customer_id,
        cast(amount as double)            as amount,
        cast(status as varchar)           as status,
        cast(transaction_ts as timestamp) as transaction_ts,
        cast(transaction_date as date)    as transaction_date

    from read_parquet(
        '/home/usuario/examen_ing_de_sw_n_data_final/data/clean/transactions_20251206_clean.parquet'
    )

)

select *
from source
  );

[0m20:15:08.961516 [debug] [Thread-1 (]: DuckDB adapter: Rolling back transaction.
[0m20:15:08.962016 [debug] [Thread-1 (]: On model.medallion_dbt.stg_transactions: ROLLBACK
[0m20:15:08.971704 [debug] [Thread-1 (]: Failed to rollback 'model.medallion_dbt.stg_transactions'
[0m20:15:08.972382 [debug] [Thread-1 (]: On model.medallion_dbt.stg_transactions: Close
[0m20:15:08.978108 [debug] [Thread-1 (]: Runtime Error in model stg_transactions (models/staging/stg_transactions.sql)
  IO Error: No files found that match the pattern "/home/usuario/examen_ing_de_sw_n_data_final/data/clean/transactions_20251206_clean.parquet"
  
  LINE 20:     from read_parquet(
                    ^
[0m20:15:08.980069 [debug] [Thread-1 (]: Sending event: {'category': 'dbt', 'action': 'run_model', 'label': '42ee9fed-8bf8-4dc6-a08c-4fd114f150d1', 'context': [<snowplow_tracker.self_describing_json.SelfDescribingJson object at 0x7b98f55f9270>]}
[0m20:15:08.980762 [error] [Thread-1 (]: 1 of 2 ERROR creating sql view model main.stg_transactions ..................... [[31mERROR[0m in 0.11s]
[0m20:15:08.981416 [debug] [Thread-1 (]: Finished running node model.medallion_dbt.stg_transactions
[0m20:15:08.983271 [debug] [Thread-3 (]: Began running node model.medallion_dbt.fct_customer_transactions
[0m20:15:08.983852 [info ] [Thread-3 (]: 2 of 2 SKIP relation main.fct_customer_transactions ............................ [[33mSKIP[0m]
[0m20:15:08.984418 [debug] [Thread-3 (]: Finished running node model.medallion_dbt.fct_customer_transactions
[0m20:15:08.986481 [debug] [MainThread]: Using duckdb connection "master"
[0m20:15:08.987009 [debug] [MainThread]: On master: BEGIN
[0m20:15:08.987314 [debug] [MainThread]: Opening a new connection, currently in state closed
[0m20:15:09.001473 [debug] [MainThread]: SQL status: OK in 0.014 seconds
[0m20:15:09.001932 [debug] [MainThread]: On master: COMMIT
[0m20:15:09.002238 [debug] [MainThread]: Using duckdb connection "master"
[0m20:15:09.002527 [debug] [MainThread]: On master: COMMIT
[0m20:15:09.003451 [debug] [MainThread]: SQL status: OK in 0.000 seconds
[0m20:15:09.003872 [debug] [MainThread]: On master: Close
[0m20:15:09.006226 [debug] [MainThread]: Connection 'master' was properly closed.
[0m20:15:09.006716 [debug] [MainThread]: Connection 'list_medallion_main' was properly closed.
[0m20:15:09.007043 [debug] [MainThread]: Connection 'model.medallion_dbt.stg_transactions' was properly closed.
[0m20:15:09.007546 [info ] [MainThread]: 
[0m20:15:09.008288 [info ] [MainThread]: Finished running 1 view model, 1 table model in 0 hours 0 minutes and 0.35 seconds (0.35s).
[0m20:15:09.009157 [debug] [MainThread]: Command end result
[0m20:15:09.042816 [info ] [MainThread]: 
[0m20:15:09.043439 [info ] [MainThread]: [31mCompleted with 1 error and 0 warnings:[0m
[0m20:15:09.043853 [info ] [MainThread]: 
[0m20:15:09.044285 [error] [MainThread]:   Runtime Error in model stg_transactions (models/staging/stg_transactions.sql)
  IO Error: No files found that match the pattern "/home/usuario/examen_ing_de_sw_n_data_final/data/clean/transactions_20251206_clean.parquet"
  
  LINE 20:     from read_parquet(
                    ^
[0m20:15:09.044655 [info ] [MainThread]: 
[0m20:15:09.045022 [info ] [MainThread]: Done. PASS=0 WARN=0 ERROR=1 SKIP=1 TOTAL=2
[0m20:15:09.045937 [debug] [MainThread]: Resource report: {"command_name": "run", "command_wall_clock_time": 1.992446, "process_user_time": 2.89763, "process_kernel_time": 0.615389, "process_mem_max_rss": "148596", "process_in_blocks": "97728", "process_out_blocks": "2752", "command_success": false}
[0m20:15:09.046469 [debug] [MainThread]: Command `dbt run` failed at 20:15:09.046369 after 1.99 seconds
[0m20:15:09.046936 [debug] [MainThread]: Sending event: {'category': 'dbt', 'action': 'invocation', 'label': 'end', 'context': [<snowplow_tracker.self_describing_json.SelfDescribingJson object at 0x7b98f584c910>, <snowplow_tracker.self_describing_json.SelfDescribingJson object at 0x7b98eb972170>, <snowplow_tracker.self_describing_json.SelfDescribingJson object at 0x7b98eb970400>]}
[0m20:15:09.047328 [debug] [MainThread]: Flushing usage events
[0m20:24:31.298554 [debug] [MainThread]: Sending event: {'category': 'dbt', 'action': 'invocation', 'label': 'start', 'context': [<snowplow_tracker.self_describing_json.SelfDescribingJson object at 0x78619c584880>, <snowplow_tracker.self_describing_json.SelfDescribingJson object at 0x78619a5b3430>, <snowplow_tracker.self_describing_json.SelfDescribingJson object at 0x78619a5b33d0>]}


============================== 20:24:31.301450 | 49a7824e-eefb-4d9d-9ed8-17ebbdaff2cc ==============================
[0m20:24:31.301450 [info ] [MainThread]: Running with dbt=1.8.0
[0m20:24:31.302168 [debug] [MainThread]: running dbt with arguments {'printer_width': '80', 'indirect_selection': 'eager', 'log_cache_events': 'False', 'write_json': 'True', 'partial_parse': 'True', 'cache_selected_only': 'False', 'warn_error': 'None', 'version_check': 'True', 'fail_fast': 'False', 'log_path': '/home/usuario/examen_ing_de_sw_n_data_final/dbt/logs', 'profiles_dir': '/home/usuario/examen_ing_de_sw_n_data_final/profiles', 'debug': 'False', 'use_colors': 'True', 'use_experimental_parser': 'False', 'no_print': 'None', 'quiet': 'False', 'log_format': 'default', 'static_parser': 'True', 'introspect': 'True', 'warn_error_options': 'WarnErrorOptions(include=[], exclude=[])', 'target_path': 'None', 'invocation_command': 'dbt run --project-dir /home/usuario/examen_ing_de_sw_n_data_final/dbt', 'send_anonymous_usage_stats': 'True'}
[0m20:24:31.548962 [debug] [MainThread]: Sending event: {'category': 'dbt', 'action': 'project_id', 'label': '49a7824e-eefb-4d9d-9ed8-17ebbdaff2cc', 'context': [<snowplow_tracker.self_describing_json.SelfDescribingJson object at 0x78619c4261a0>]}
[0m20:24:31.609584 [debug] [MainThread]: Sending event: {'category': 'dbt', 'action': 'adapter_info', 'label': '49a7824e-eefb-4d9d-9ed8-17ebbdaff2cc', 'context': [<snowplow_tracker.self_describing_json.SelfDescribingJson object at 0x78619a51b790>]}
[0m20:24:31.610498 [info ] [MainThread]: Registered adapter: duckdb=1.8.0
[0m20:24:31.686897 [debug] [MainThread]: checksum: dbb12d416fdb55e3665e4828703bbedf40c5c90ed7ca6ff39bbbfb29b12b0a92, vars: {}, profile: , target: , version: 1.8.0
[0m20:24:31.825831 [debug] [MainThread]: Partial parsing enabled: 0 files deleted, 0 files added, 0 files changed.
[0m20:24:31.826367 [debug] [MainThread]: Partial parsing enabled, no changes found, skipping parsing
[0m20:24:31.876552 [debug] [MainThread]: Sending event: {'category': 'dbt', 'action': 'load_project', 'label': '49a7824e-eefb-4d9d-9ed8-17ebbdaff2cc', 'context': [<snowplow_tracker.self_describing_json.SelfDescribingJson object at 0x78619261beb0>]}
[0m20:24:31.983102 [debug] [MainThread]: Sending event: {'category': 'dbt', 'action': 'resource_counts', 'label': '49a7824e-eefb-4d9d-9ed8-17ebbdaff2cc', 'context': [<snowplow_tracker.self_describing_json.SelfDescribingJson object at 0x7861926180d0>]}
[0m20:24:31.983666 [info ] [MainThread]: Found 2 models, 16 data tests, 422 macros
[0m20:24:31.984047 [debug] [MainThread]: Sending event: {'category': 'dbt', 'action': 'runnable_timing', 'label': '49a7824e-eefb-4d9d-9ed8-17ebbdaff2cc', 'context': [<snowplow_tracker.self_describing_json.SelfDescribingJson object at 0x78619261be80>]}
[0m20:24:31.985698 [info ] [MainThread]: 
[0m20:24:31.986248 [debug] [MainThread]: Acquiring new duckdb connection 'master'
[0m20:24:31.992281 [debug] [ThreadPool]: Acquiring new duckdb connection 'list_medallion'
[0m20:24:32.034901 [debug] [ThreadPool]: Using duckdb connection "list_medallion"
[0m20:24:32.035406 [debug] [ThreadPool]: On list_medallion: /* {"app": "dbt", "dbt_version": "1.8.0", "profile_name": "medallion_duckdb", "target_name": "dev", "connection_name": "list_medallion"} */

    
    select schema_name
    from system.information_schema.schemata
    
    where catalog_name = '"medallion"'
    
  
  
[0m20:24:32.035966 [debug] [ThreadPool]: Opening a new connection, currently in state init
[0m20:24:32.057296 [debug] [ThreadPool]: SQL status: OK in 0.021 seconds
[0m20:24:32.058858 [debug] [ThreadPool]: On list_medallion: Close
[0m20:24:32.062381 [debug] [ThreadPool]: Re-using an available connection from the pool (formerly list_medallion, now create_medallion_main)
[0m20:24:32.063018 [debug] [ThreadPool]: Creating schema "database: "medallion"
schema: "main"
"
[0m20:24:32.071016 [debug] [ThreadPool]: Using duckdb connection "create_medallion_main"
[0m20:24:32.071458 [debug] [ThreadPool]: On create_medallion_main: /* {"app": "dbt", "dbt_version": "1.8.0", "profile_name": "medallion_duckdb", "target_name": "dev", "connection_name": "create_medallion_main"} */

    
        select type from duckdb_databases()
        where database_name='medallion'
        and type='sqlite'
    
  
[0m20:24:32.071769 [debug] [ThreadPool]: Opening a new connection, currently in state closed
[0m20:24:32.083351 [debug] [ThreadPool]: SQL status: OK in 0.011 seconds
[0m20:24:32.085479 [debug] [ThreadPool]: Using duckdb connection "create_medallion_main"
[0m20:24:32.086002 [debug] [ThreadPool]: On create_medallion_main: BEGIN
[0m20:24:32.086854 [debug] [ThreadPool]: SQL status: OK in 0.001 seconds
[0m20:24:32.087155 [debug] [ThreadPool]: Using duckdb connection "create_medallion_main"
[0m20:24:32.087435 [debug] [ThreadPool]: On create_medallion_main: /* {"app": "dbt", "dbt_version": "1.8.0", "profile_name": "medallion_duckdb", "target_name": "dev", "connection_name": "create_medallion_main"} */

    
    
        create schema if not exists "medallion"."main"
    
[0m20:24:32.088383 [debug] [ThreadPool]: SQL status: OK in 0.001 seconds
[0m20:24:32.089499 [debug] [ThreadPool]: On create_medallion_main: COMMIT
[0m20:24:32.089990 [debug] [ThreadPool]: Using duckdb connection "create_medallion_main"
[0m20:24:32.090292 [debug] [ThreadPool]: On create_medallion_main: COMMIT
[0m20:24:32.091126 [debug] [ThreadPool]: SQL status: OK in 0.000 seconds
[0m20:24:32.091452 [debug] [ThreadPool]: On create_medallion_main: Close
[0m20:24:32.094445 [debug] [ThreadPool]: Re-using an available connection from the pool (formerly create_medallion_main, now list_medallion_main)
[0m20:24:32.102242 [debug] [ThreadPool]: Using duckdb connection "list_medallion_main"
[0m20:24:32.102681 [debug] [ThreadPool]: On list_medallion_main: BEGIN
[0m20:24:32.102985 [debug] [ThreadPool]: Opening a new connection, currently in state closed
[0m20:24:32.114487 [debug] [ThreadPool]: SQL status: OK in 0.011 seconds
[0m20:24:32.114946 [debug] [ThreadPool]: Using duckdb connection "list_medallion_main"
[0m20:24:32.115254 [debug] [ThreadPool]: On list_medallion_main: /* {"app": "dbt", "dbt_version": "1.8.0", "profile_name": "medallion_duckdb", "target_name": "dev", "connection_name": "list_medallion_main"} */
select
      'medallion' as database,
      table_name as name,
      table_schema as schema,
      CASE table_type
        WHEN 'BASE TABLE' THEN 'table'
        WHEN 'VIEW' THEN 'view'
        WHEN 'LOCAL TEMPORARY' THEN 'table'
        END as type
    from system.information_schema.tables
    where table_schema = 'main'
    and table_catalog = 'medallion'
  
[0m20:24:32.130785 [debug] [ThreadPool]: SQL status: OK in 0.015 seconds
[0m20:24:32.132127 [debug] [ThreadPool]: On list_medallion_main: ROLLBACK
[0m20:24:32.132705 [debug] [ThreadPool]: Failed to rollback 'list_medallion_main'
[0m20:24:32.133038 [debug] [ThreadPool]: On list_medallion_main: Close
[0m20:24:32.135616 [debug] [MainThread]: Sending event: {'category': 'dbt', 'action': 'runnable_timing', 'label': '49a7824e-eefb-4d9d-9ed8-17ebbdaff2cc', 'context': [<snowplow_tracker.self_describing_json.SelfDescribingJson object at 0x78619c36df00>]}
[0m20:24:32.136202 [debug] [MainThread]: Using duckdb connection "master"
[0m20:24:32.136507 [debug] [MainThread]: On master: BEGIN
[0m20:24:32.136809 [debug] [MainThread]: Opening a new connection, currently in state init
[0m20:24:32.151458 [debug] [MainThread]: SQL status: OK in 0.015 seconds
[0m20:24:32.151923 [debug] [MainThread]: On master: COMMIT
[0m20:24:32.152235 [debug] [MainThread]: Using duckdb connection "master"
[0m20:24:32.152523 [debug] [MainThread]: On master: COMMIT
[0m20:24:32.153352 [debug] [MainThread]: SQL status: OK in 0.000 seconds
[0m20:24:32.153823 [debug] [MainThread]: On master: Close
[0m20:24:32.156380 [info ] [MainThread]: Concurrency: 4 threads (target='dev')
[0m20:24:32.156900 [info ] [MainThread]: 
[0m20:24:32.161865 [debug] [Thread-1 (]: Began running node model.medallion_dbt.stg_transactions
[0m20:24:32.162546 [info ] [Thread-1 (]: 1 of 2 START sql view model main.stg_transactions .............................. [RUN]
[0m20:24:32.163306 [debug] [Thread-1 (]: Acquiring new duckdb connection 'model.medallion_dbt.stg_transactions'
[0m20:24:32.163654 [debug] [Thread-1 (]: Began compiling node model.medallion_dbt.stg_transactions
[0m20:24:32.172455 [debug] [Thread-1 (]: Writing injected SQL for node "model.medallion_dbt.stg_transactions"
[0m20:24:32.173782 [debug] [Thread-1 (]: Began executing node model.medallion_dbt.stg_transactions
[0m20:24:32.210355 [debug] [Thread-1 (]: Writing runtime sql for node "model.medallion_dbt.stg_transactions"
[0m20:24:32.211166 [debug] [Thread-1 (]: Using duckdb connection "model.medallion_dbt.stg_transactions"
[0m20:24:32.211570 [debug] [Thread-1 (]: On model.medallion_dbt.stg_transactions: BEGIN
[0m20:24:32.211888 [debug] [Thread-1 (]: Opening a new connection, currently in state init
[0m20:24:32.225770 [debug] [Thread-1 (]: SQL status: OK in 0.014 seconds
[0m20:24:32.226247 [debug] [Thread-1 (]: Using duckdb connection "model.medallion_dbt.stg_transactions"
[0m20:24:32.226602 [debug] [Thread-1 (]: On model.medallion_dbt.stg_transactions: /* {"app": "dbt", "dbt_version": "1.8.0", "profile_name": "medallion_duckdb", "target_name": "dev", "node_id": "model.medallion_dbt.stg_transactions"} */

  
  create view "medallion"."main"."stg_transactions__dbt_tmp" as (
    




with source as (

    select
        cast(transaction_id as varchar)   as transaction_id,
        cast(customer_id as varchar)      as customer_id,
        cast(amount as double)            as amount,
        cast(status as varchar)           as status,
        cast(transaction_ts as timestamp) as transaction_ts,
        cast(transaction_date as date)    as transaction_date

    from read_parquet(
        '/home/usuario/examen_ing_de_sw_n_data_final/data/clean/transactions_20251206_clean.parquet'
    )

)

select *
from source
  );

[0m20:24:32.229216 [debug] [Thread-1 (]: DuckDB adapter: Error running SQL: /* {"app": "dbt", "dbt_version": "1.8.0", "profile_name": "medallion_duckdb", "target_name": "dev", "node_id": "model.medallion_dbt.stg_transactions"} */

  
  create view "medallion"."main"."stg_transactions__dbt_tmp" as (
    




with source as (

    select
        cast(transaction_id as varchar)   as transaction_id,
        cast(customer_id as varchar)      as customer_id,
        cast(amount as double)            as amount,
        cast(status as varchar)           as status,
        cast(transaction_ts as timestamp) as transaction_ts,
        cast(transaction_date as date)    as transaction_date

    from read_parquet(
        '/home/usuario/examen_ing_de_sw_n_data_final/data/clean/transactions_20251206_clean.parquet'
    )

)

select *
from source
  );

[0m20:24:32.229759 [debug] [Thread-1 (]: DuckDB adapter: Rolling back transaction.
[0m20:24:32.230223 [debug] [Thread-1 (]: On model.medallion_dbt.stg_transactions: ROLLBACK
[0m20:24:32.232796 [debug] [Thread-1 (]: Failed to rollback 'model.medallion_dbt.stg_transactions'
[0m20:24:32.233192 [debug] [Thread-1 (]: On model.medallion_dbt.stg_transactions: Close
[0m20:24:32.236749 [debug] [Thread-1 (]: Runtime Error in model stg_transactions (models/staging/stg_transactions.sql)
  IO Error: No files found that match the pattern "/home/usuario/examen_ing_de_sw_n_data_final/data/clean/transactions_20251206_clean.parquet"
  
  LINE 20:     from read_parquet(
                    ^
[0m20:24:32.238540 [debug] [Thread-1 (]: Sending event: {'category': 'dbt', 'action': 'run_model', 'label': '49a7824e-eefb-4d9d-9ed8-17ebbdaff2cc', 'context': [<snowplow_tracker.self_describing_json.SelfDescribingJson object at 0x78619261bf10>]}
[0m20:24:32.239202 [error] [Thread-1 (]: 1 of 2 ERROR creating sql view model main.stg_transactions ..................... [[31mERROR[0m in 0.07s]
[0m20:24:32.239828 [debug] [Thread-1 (]: Finished running node model.medallion_dbt.stg_transactions
[0m20:24:32.241330 [debug] [Thread-3 (]: Began running node model.medallion_dbt.fct_customer_transactions
[0m20:24:32.242402 [info ] [Thread-3 (]: 2 of 2 SKIP relation main.fct_customer_transactions ............................ [[33mSKIP[0m]
[0m20:24:32.242919 [debug] [Thread-3 (]: Finished running node model.medallion_dbt.fct_customer_transactions
[0m20:24:32.244697 [debug] [MainThread]: Using duckdb connection "master"
[0m20:24:32.245046 [debug] [MainThread]: On master: BEGIN
[0m20:24:32.245366 [debug] [MainThread]: Opening a new connection, currently in state closed
[0m20:24:32.259167 [debug] [MainThread]: SQL status: OK in 0.014 seconds
[0m20:24:32.259620 [debug] [MainThread]: On master: COMMIT
[0m20:24:32.259931 [debug] [MainThread]: Using duckdb connection "master"
[0m20:24:32.260207 [debug] [MainThread]: On master: COMMIT
[0m20:24:32.260951 [debug] [MainThread]: SQL status: OK in 0.000 seconds
[0m20:24:32.261279 [debug] [MainThread]: On master: Close
[0m20:24:32.264632 [debug] [MainThread]: Connection 'master' was properly closed.
[0m20:24:32.265377 [debug] [MainThread]: Connection 'list_medallion_main' was properly closed.
[0m20:24:32.265868 [debug] [MainThread]: Connection 'model.medallion_dbt.stg_transactions' was properly closed.
[0m20:24:32.266261 [info ] [MainThread]: 
[0m20:24:32.266676 [info ] [MainThread]: Finished running 1 view model, 1 table model in 0 hours 0 minutes and 0.28 seconds (0.28s).
[0m20:24:32.267364 [debug] [MainThread]: Command end result
[0m20:24:32.367645 [info ] [MainThread]: 
[0m20:24:32.368338 [info ] [MainThread]: [31mCompleted with 1 error and 0 warnings:[0m
[0m20:24:32.368823 [info ] [MainThread]: 
[0m20:24:32.369332 [error] [MainThread]:   Runtime Error in model stg_transactions (models/staging/stg_transactions.sql)
  IO Error: No files found that match the pattern "/home/usuario/examen_ing_de_sw_n_data_final/data/clean/transactions_20251206_clean.parquet"
  
  LINE 20:     from read_parquet(
                    ^
[0m20:24:32.369799 [info ] [MainThread]: 
[0m20:24:32.370244 [info ] [MainThread]: Done. PASS=0 WARN=0 ERROR=1 SKIP=1 TOTAL=2
[0m20:24:32.371253 [debug] [MainThread]: Resource report: {"command_name": "run", "command_wall_clock_time": 1.1339952, "process_user_time": 2.35831, "process_kernel_time": 0.263428, "process_mem_max_rss": "146124", "process_out_blocks": "1888", "command_success": false, "process_in_blocks": "0"}
[0m20:24:32.372183 [debug] [MainThread]: Command `dbt run` failed at 20:24:32.371943 after 1.13 seconds
[0m20:24:32.372880 [debug] [MainThread]: Sending event: {'category': 'dbt', 'action': 'invocation', 'label': 'end', 'context': [<snowplow_tracker.self_describing_json.SelfDescribingJson object at 0x78619c584880>, <snowplow_tracker.self_describing_json.SelfDescribingJson object at 0x78619c4261a0>, <snowplow_tracker.self_describing_json.SelfDescribingJson object at 0x78619c3a5510>]}
[0m20:24:32.373452 [debug] [MainThread]: Flushing usage events
[0m20:31:23.786494 [debug] [MainThread]: Sending event: {'category': 'dbt', 'action': 'invocation', 'label': 'start', 'context': [<snowplow_tracker.self_describing_json.SelfDescribingJson object at 0x7f277b17c8b0>, <snowplow_tracker.self_describing_json.SelfDescribingJson object at 0x7f27791fbfa0>, <snowplow_tracker.self_describing_json.SelfDescribingJson object at 0x7f27791fbbe0>]}


============================== 20:31:23.789503 | 40b6d642-f5b5-4fbd-a5d1-1f7ac657b0d8 ==============================
[0m20:31:23.789503 [info ] [MainThread]: Running with dbt=1.8.0
[0m20:31:23.790057 [debug] [MainThread]: running dbt with arguments {'printer_width': '80', 'indirect_selection': 'eager', 'log_cache_events': 'False', 'write_json': 'True', 'partial_parse': 'True', 'cache_selected_only': 'False', 'warn_error': 'None', 'version_check': 'True', 'debug': 'False', 'log_path': '/home/usuario/examen_ing_de_sw_n_data_final/dbt/logs', 'profiles_dir': '/home/usuario/examen_ing_de_sw_n_data_final/profiles', 'fail_fast': 'False', 'use_colors': 'True', 'use_experimental_parser': 'False', 'no_print': 'None', 'quiet': 'False', 'log_format': 'default', 'introspect': 'True', 'static_parser': 'True', 'invocation_command': 'dbt run --project-dir /home/usuario/examen_ing_de_sw_n_data_final/dbt', 'target_path': 'None', 'warn_error_options': 'WarnErrorOptions(include=[], exclude=[])', 'send_anonymous_usage_stats': 'True'}
[0m20:31:24.089474 [debug] [MainThread]: Sending event: {'category': 'dbt', 'action': 'project_id', 'label': '40b6d642-f5b5-4fbd-a5d1-1f7ac657b0d8', 'context': [<snowplow_tracker.self_describing_json.SelfDescribingJson object at 0x7f2779163ca0>]}
[0m20:31:24.149173 [debug] [MainThread]: Sending event: {'category': 'dbt', 'action': 'adapter_info', 'label': '40b6d642-f5b5-4fbd-a5d1-1f7ac657b0d8', 'context': [<snowplow_tracker.self_describing_json.SelfDescribingJson object at 0x7f277945f520>]}
[0m20:31:24.150018 [info ] [MainThread]: Registered adapter: duckdb=1.8.0
[0m20:31:24.229003 [debug] [MainThread]: checksum: dbb12d416fdb55e3665e4828703bbedf40c5c90ed7ca6ff39bbbfb29b12b0a92, vars: {}, profile: , target: , version: 1.8.0
[0m20:31:24.371980 [debug] [MainThread]: Partial parsing enabled: 0 files deleted, 0 files added, 0 files changed.
[0m20:31:24.372518 [debug] [MainThread]: Partial parsing enabled, no changes found, skipping parsing
[0m20:31:24.423129 [debug] [MainThread]: Sending event: {'category': 'dbt', 'action': 'load_project', 'label': '40b6d642-f5b5-4fbd-a5d1-1f7ac657b0d8', 'context': [<snowplow_tracker.self_describing_json.SelfDescribingJson object at 0x7f2771263ee0>]}
[0m20:31:24.530689 [debug] [MainThread]: Sending event: {'category': 'dbt', 'action': 'resource_counts', 'label': '40b6d642-f5b5-4fbd-a5d1-1f7ac657b0d8', 'context': [<snowplow_tracker.self_describing_json.SelfDescribingJson object at 0x7f2771262890>]}
[0m20:31:24.531560 [info ] [MainThread]: Found 2 models, 16 data tests, 422 macros
[0m20:31:24.532120 [debug] [MainThread]: Sending event: {'category': 'dbt', 'action': 'runnable_timing', 'label': '40b6d642-f5b5-4fbd-a5d1-1f7ac657b0d8', 'context': [<snowplow_tracker.self_describing_json.SelfDescribingJson object at 0x7f2771263eb0>]}
[0m20:31:24.534000 [info ] [MainThread]: 
[0m20:31:24.534596 [debug] [MainThread]: Acquiring new duckdb connection 'master'
[0m20:31:24.540283 [debug] [ThreadPool]: Acquiring new duckdb connection 'list_medallion'
[0m20:31:24.586622 [debug] [ThreadPool]: Using duckdb connection "list_medallion"
[0m20:31:24.587092 [debug] [ThreadPool]: On list_medallion: /* {"app": "dbt", "dbt_version": "1.8.0", "profile_name": "medallion_duckdb", "target_name": "dev", "connection_name": "list_medallion"} */

    
    select schema_name
    from system.information_schema.schemata
    
    where catalog_name = '"medallion"'
    
  
  
[0m20:31:24.587420 [debug] [ThreadPool]: Opening a new connection, currently in state init
[0m20:31:24.606465 [debug] [ThreadPool]: SQL status: OK in 0.019 seconds
[0m20:31:24.607944 [debug] [ThreadPool]: On list_medallion: Close
[0m20:31:24.611247 [debug] [ThreadPool]: Re-using an available connection from the pool (formerly list_medallion, now create_medallion_main)
[0m20:31:24.612099 [debug] [ThreadPool]: Creating schema "database: "medallion"
schema: "main"
"
[0m20:31:24.619805 [debug] [ThreadPool]: Using duckdb connection "create_medallion_main"
[0m20:31:24.620330 [debug] [ThreadPool]: On create_medallion_main: /* {"app": "dbt", "dbt_version": "1.8.0", "profile_name": "medallion_duckdb", "target_name": "dev", "connection_name": "create_medallion_main"} */

    
        select type from duckdb_databases()
        where database_name='medallion'
        and type='sqlite'
    
  
[0m20:31:24.620679 [debug] [ThreadPool]: Opening a new connection, currently in state closed
[0m20:31:24.632933 [debug] [ThreadPool]: SQL status: OK in 0.012 seconds
[0m20:31:24.634383 [debug] [ThreadPool]: Using duckdb connection "create_medallion_main"
[0m20:31:24.634735 [debug] [ThreadPool]: On create_medallion_main: BEGIN
[0m20:31:24.635608 [debug] [ThreadPool]: SQL status: OK in 0.001 seconds
[0m20:31:24.635960 [debug] [ThreadPool]: Using duckdb connection "create_medallion_main"
[0m20:31:24.636319 [debug] [ThreadPool]: On create_medallion_main: /* {"app": "dbt", "dbt_version": "1.8.0", "profile_name": "medallion_duckdb", "target_name": "dev", "connection_name": "create_medallion_main"} */

    
    
        create schema if not exists "medallion"."main"
    
[0m20:31:24.637223 [debug] [ThreadPool]: SQL status: OK in 0.001 seconds
[0m20:31:24.638122 [debug] [ThreadPool]: On create_medallion_main: COMMIT
[0m20:31:24.638461 [debug] [ThreadPool]: Using duckdb connection "create_medallion_main"
[0m20:31:24.638764 [debug] [ThreadPool]: On create_medallion_main: COMMIT
[0m20:31:24.639523 [debug] [ThreadPool]: SQL status: OK in 0.000 seconds
[0m20:31:24.639880 [debug] [ThreadPool]: On create_medallion_main: Close
[0m20:31:24.643235 [debug] [ThreadPool]: Re-using an available connection from the pool (formerly create_medallion_main, now list_medallion_main)
[0m20:31:24.649343 [debug] [ThreadPool]: Using duckdb connection "list_medallion_main"
[0m20:31:24.649774 [debug] [ThreadPool]: On list_medallion_main: BEGIN
[0m20:31:24.650080 [debug] [ThreadPool]: Opening a new connection, currently in state closed
[0m20:31:24.661608 [debug] [ThreadPool]: SQL status: OK in 0.011 seconds
[0m20:31:24.662144 [debug] [ThreadPool]: Using duckdb connection "list_medallion_main"
[0m20:31:24.662533 [debug] [ThreadPool]: On list_medallion_main: /* {"app": "dbt", "dbt_version": "1.8.0", "profile_name": "medallion_duckdb", "target_name": "dev", "connection_name": "list_medallion_main"} */
select
      'medallion' as database,
      table_name as name,
      table_schema as schema,
      CASE table_type
        WHEN 'BASE TABLE' THEN 'table'
        WHEN 'VIEW' THEN 'view'
        WHEN 'LOCAL TEMPORARY' THEN 'table'
        END as type
    from system.information_schema.tables
    where table_schema = 'main'
    and table_catalog = 'medallion'
  
[0m20:31:24.675755 [debug] [ThreadPool]: SQL status: OK in 0.013 seconds
[0m20:31:24.677545 [debug] [ThreadPool]: On list_medallion_main: ROLLBACK
[0m20:31:24.678651 [debug] [ThreadPool]: Failed to rollback 'list_medallion_main'
[0m20:31:24.679055 [debug] [ThreadPool]: On list_medallion_main: Close
[0m20:31:24.681910 [debug] [MainThread]: Sending event: {'category': 'dbt', 'action': 'runnable_timing', 'label': '40b6d642-f5b5-4fbd-a5d1-1f7ac657b0d8', 'context': [<snowplow_tracker.self_describing_json.SelfDescribingJson object at 0x7f277b09c520>]}
[0m20:31:24.682497 [debug] [MainThread]: Using duckdb connection "master"
[0m20:31:24.682850 [debug] [MainThread]: On master: BEGIN
[0m20:31:24.683148 [debug] [MainThread]: Opening a new connection, currently in state init
[0m20:31:24.702250 [debug] [MainThread]: SQL status: OK in 0.019 seconds
[0m20:31:24.702755 [debug] [MainThread]: On master: COMMIT
[0m20:31:24.703090 [debug] [MainThread]: Using duckdb connection "master"
[0m20:31:24.703391 [debug] [MainThread]: On master: COMMIT
[0m20:31:24.704117 [debug] [MainThread]: SQL status: OK in 0.000 seconds
[0m20:31:24.704497 [debug] [MainThread]: On master: Close
[0m20:31:24.707463 [info ] [MainThread]: Concurrency: 4 threads (target='dev')
[0m20:31:24.707947 [info ] [MainThread]: 
[0m20:31:24.712721 [debug] [Thread-1 (]: Began running node model.medallion_dbt.stg_transactions
[0m20:31:24.713493 [info ] [Thread-1 (]: 1 of 2 START sql view model main.stg_transactions .............................. [RUN]
[0m20:31:24.714346 [debug] [Thread-1 (]: Acquiring new duckdb connection 'model.medallion_dbt.stg_transactions'
[0m20:31:24.714767 [debug] [Thread-1 (]: Began compiling node model.medallion_dbt.stg_transactions
[0m20:31:24.724154 [debug] [Thread-1 (]: Writing injected SQL for node "model.medallion_dbt.stg_transactions"
[0m20:31:24.724937 [debug] [Thread-1 (]: Began executing node model.medallion_dbt.stg_transactions
[0m20:31:24.757425 [debug] [Thread-1 (]: Writing runtime sql for node "model.medallion_dbt.stg_transactions"
[0m20:31:24.758355 [debug] [Thread-1 (]: Using duckdb connection "model.medallion_dbt.stg_transactions"
[0m20:31:24.759235 [debug] [Thread-1 (]: On model.medallion_dbt.stg_transactions: BEGIN
[0m20:31:24.759816 [debug] [Thread-1 (]: Opening a new connection, currently in state init
[0m20:31:24.772708 [debug] [Thread-1 (]: SQL status: OK in 0.013 seconds
[0m20:31:24.773305 [debug] [Thread-1 (]: Using duckdb connection "model.medallion_dbt.stg_transactions"
[0m20:31:24.773698 [debug] [Thread-1 (]: On model.medallion_dbt.stg_transactions: /* {"app": "dbt", "dbt_version": "1.8.0", "profile_name": "medallion_duckdb", "target_name": "dev", "node_id": "model.medallion_dbt.stg_transactions"} */

  
  create view "medallion"."main"."stg_transactions__dbt_tmp" as (
    




with source as (

    select
        cast(transaction_id as varchar)   as transaction_id,
        cast(customer_id as varchar)      as customer_id,
        cast(amount as double)            as amount,
        cast(status as varchar)           as status,
        cast(transaction_ts as timestamp) as transaction_ts,
        cast(transaction_date as date)    as transaction_date

    from read_parquet(
        '/home/usuario/examen_ing_de_sw_n_data_final/data/clean/transactions_20251206_clean.parquet'
    )

)

select *
from source
  );

[0m20:31:24.782716 [debug] [Thread-1 (]: SQL status: OK in 0.009 seconds
[0m20:31:24.789530 [debug] [Thread-1 (]: Using duckdb connection "model.medallion_dbt.stg_transactions"
[0m20:31:24.790035 [debug] [Thread-1 (]: On model.medallion_dbt.stg_transactions: /* {"app": "dbt", "dbt_version": "1.8.0", "profile_name": "medallion_duckdb", "target_name": "dev", "node_id": "model.medallion_dbt.stg_transactions"} */
alter view "medallion"."main"."stg_transactions__dbt_tmp" rename to "stg_transactions"
[0m20:31:24.792327 [debug] [Thread-1 (]: SQL status: OK in 0.002 seconds
[0m20:31:24.809094 [debug] [Thread-1 (]: On model.medallion_dbt.stg_transactions: COMMIT
[0m20:31:24.809681 [debug] [Thread-1 (]: Using duckdb connection "model.medallion_dbt.stg_transactions"
[0m20:31:24.810101 [debug] [Thread-1 (]: On model.medallion_dbt.stg_transactions: COMMIT
[0m20:31:24.819901 [debug] [Thread-1 (]: SQL status: OK in 0.009 seconds
[0m20:31:24.828103 [debug] [Thread-1 (]: Using duckdb connection "model.medallion_dbt.stg_transactions"
[0m20:31:24.828636 [debug] [Thread-1 (]: On model.medallion_dbt.stg_transactions: /* {"app": "dbt", "dbt_version": "1.8.0", "profile_name": "medallion_duckdb", "target_name": "dev", "node_id": "model.medallion_dbt.stg_transactions"} */
drop view if exists "medallion"."main"."stg_transactions__dbt_backup" cascade
[0m20:31:24.885800 [debug] [Thread-1 (]: SQL status: OK in 0.002 seconds
[0m20:31:24.891001 [debug] [Thread-1 (]: On model.medallion_dbt.stg_transactions: Close
[0m20:31:24.917267 [debug] [Thread-1 (]: Sending event: {'category': 'dbt', 'action': 'run_model', 'label': '40b6d642-f5b5-4fbd-a5d1-1f7ac657b0d8', 'context': [<snowplow_tracker.self_describing_json.SelfDescribingJson object at 0x7f277bc896f0>]}
[0m20:31:24.918590 [info ] [Thread-1 (]: 1 of 2 OK created sql view model main.stg_transactions ......................... [[32mOK[0m in 0.20s]
[0m20:31:24.919879 [debug] [Thread-1 (]: Finished running node model.medallion_dbt.stg_transactions
[0m20:31:24.922227 [debug] [Thread-3 (]: Began running node model.medallion_dbt.fct_customer_transactions
[0m20:31:24.923520 [info ] [Thread-3 (]: 2 of 2 START sql table model main.fct_customer_transactions .................... [RUN]
[0m20:31:24.925019 [debug] [Thread-3 (]: Acquiring new duckdb connection 'model.medallion_dbt.fct_customer_transactions'
[0m20:31:24.925632 [debug] [Thread-3 (]: Began compiling node model.medallion_dbt.fct_customer_transactions
[0m20:31:24.930052 [debug] [Thread-3 (]: Writing injected SQL for node "model.medallion_dbt.fct_customer_transactions"
[0m20:31:24.932604 [debug] [Thread-3 (]: Began executing node model.medallion_dbt.fct_customer_transactions
[0m20:31:24.956796 [debug] [Thread-3 (]: Writing runtime sql for node "model.medallion_dbt.fct_customer_transactions"
[0m20:31:24.958253 [debug] [Thread-3 (]: Using duckdb connection "model.medallion_dbt.fct_customer_transactions"
[0m20:31:24.958697 [debug] [Thread-3 (]: On model.medallion_dbt.fct_customer_transactions: BEGIN
[0m20:31:24.959070 [debug] [Thread-3 (]: Opening a new connection, currently in state init
[0m20:31:24.976718 [debug] [Thread-3 (]: SQL status: OK in 0.018 seconds
[0m20:31:24.977274 [debug] [Thread-3 (]: Using duckdb connection "model.medallion_dbt.fct_customer_transactions"
[0m20:31:24.977721 [debug] [Thread-3 (]: On model.medallion_dbt.fct_customer_transactions: /* {"app": "dbt", "dbt_version": "1.8.0", "profile_name": "medallion_duckdb", "target_name": "dev", "node_id": "model.medallion_dbt.fct_customer_transactions"} */

  
    
    

    create  table
      "medallion"."main"."fct_customer_transactions__dbt_tmp"
  
    as (
      with base as (
    select * from "medallion"."main"."stg_transactions"
)

-- TODO: Completar el modelo para que cree la tabla fct_customer_transactions con las metricas en schema.yml.
    );
  
  
[0m20:31:24.985773 [debug] [Thread-3 (]: DuckDB adapter: Error running SQL: /* {"app": "dbt", "dbt_version": "1.8.0", "profile_name": "medallion_duckdb", "target_name": "dev", "node_id": "model.medallion_dbt.fct_customer_transactions"} */

  
    
    

    create  table
      "medallion"."main"."fct_customer_transactions__dbt_tmp"
  
    as (
      with base as (
    select * from "medallion"."main"."stg_transactions"
)

-- TODO: Completar el modelo para que cree la tabla fct_customer_transactions con las metricas en schema.yml.
    );
  
  
[0m20:31:24.986354 [debug] [Thread-3 (]: DuckDB adapter: Rolling back transaction.
[0m20:31:24.986883 [debug] [Thread-3 (]: On model.medallion_dbt.fct_customer_transactions: ROLLBACK
[0m20:31:24.990585 [debug] [Thread-3 (]: Failed to rollback 'model.medallion_dbt.fct_customer_transactions'
[0m20:31:24.991075 [debug] [Thread-3 (]: On model.medallion_dbt.fct_customer_transactions: Close
[0m20:31:24.994074 [debug] [Thread-3 (]: Runtime Error in model fct_customer_transactions (models/marts/fct_customer_transactions.sql)
  Parser Error: syntax error at or near ")"
  
  LINE 16:     );
               ^
[0m20:31:24.994659 [debug] [Thread-3 (]: Sending event: {'category': 'dbt', 'action': 'run_model', 'label': '40b6d642-f5b5-4fbd-a5d1-1f7ac657b0d8', 'context': [<snowplow_tracker.self_describing_json.SelfDescribingJson object at 0x7f277138ffd0>]}
[0m20:31:24.995373 [error] [Thread-3 (]: 2 of 2 ERROR creating sql table model main.fct_customer_transactions ........... [[31mERROR[0m in 0.07s]
[0m20:31:24.996198 [debug] [Thread-3 (]: Finished running node model.medallion_dbt.fct_customer_transactions
[0m20:31:24.998636 [debug] [MainThread]: Using duckdb connection "master"
[0m20:31:24.999045 [debug] [MainThread]: On master: BEGIN
[0m20:31:24.999381 [debug] [MainThread]: Opening a new connection, currently in state closed
[0m20:31:25.014293 [debug] [MainThread]: SQL status: OK in 0.015 seconds
[0m20:31:25.014802 [debug] [MainThread]: On master: COMMIT
[0m20:31:25.015174 [debug] [MainThread]: Using duckdb connection "master"
[0m20:31:25.015496 [debug] [MainThread]: On master: COMMIT
[0m20:31:25.016199 [debug] [MainThread]: SQL status: OK in 0.000 seconds
[0m20:31:25.016591 [debug] [MainThread]: On master: Close
[0m20:31:25.019701 [debug] [MainThread]: Connection 'master' was properly closed.
[0m20:31:25.020239 [debug] [MainThread]: Connection 'list_medallion_main' was properly closed.
[0m20:31:25.020612 [debug] [MainThread]: Connection 'model.medallion_dbt.stg_transactions' was properly closed.
[0m20:31:25.020939 [debug] [MainThread]: Connection 'model.medallion_dbt.fct_customer_transactions' was properly closed.
[0m20:31:25.021355 [info ] [MainThread]: 
[0m20:31:25.021796 [info ] [MainThread]: Finished running 1 view model, 1 table model in 0 hours 0 minutes and 0.49 seconds (0.49s).
[0m20:31:25.022660 [debug] [MainThread]: Command end result
[0m20:31:25.055664 [info ] [MainThread]: 
[0m20:31:25.056408 [info ] [MainThread]: [31mCompleted with 1 error and 0 warnings:[0m
[0m20:31:25.056833 [info ] [MainThread]: 
[0m20:31:25.057341 [error] [MainThread]:   Runtime Error in model fct_customer_transactions (models/marts/fct_customer_transactions.sql)
  Parser Error: syntax error at or near ")"
  
  LINE 16:     );
               ^
[0m20:31:25.057724 [info ] [MainThread]: 
[0m20:31:25.058120 [info ] [MainThread]: Done. PASS=1 WARN=0 ERROR=1 SKIP=0 TOTAL=2
[0m20:31:25.059032 [debug] [MainThread]: Resource report: {"command_name": "run", "command_wall_clock_time": 1.3304902, "process_user_time": 2.408034, "process_kernel_time": 0.319722, "process_mem_max_rss": "146256", "process_in_blocks": "1312", "process_out_blocks": "2456", "command_success": false}
[0m20:31:25.059550 [debug] [MainThread]: Command `dbt run` failed at 20:31:25.059451 after 1.33 seconds
[0m20:31:25.059952 [debug] [MainThread]: Sending event: {'category': 'dbt', 'action': 'invocation', 'label': 'end', 'context': [<snowplow_tracker.self_describing_json.SelfDescribingJson object at 0x7f277b17c8b0>, <snowplow_tracker.self_describing_json.SelfDescribingJson object at 0x7f2757674520>, <snowplow_tracker.self_describing_json.SelfDescribingJson object at 0x7f2757674040>]}
[0m20:31:25.060428 [debug] [MainThread]: Flushing usage events
[0m20:33:32.730585 [debug] [MainThread]: Sending event: {'category': 'dbt', 'action': 'invocation', 'label': 'start', 'context': [<snowplow_tracker.self_describing_json.SelfDescribingJson object at 0x7f03e365c8e0>, <snowplow_tracker.self_describing_json.SelfDescribingJson object at 0x7f03e16db490>, <snowplow_tracker.self_describing_json.SelfDescribingJson object at 0x7f03e16da560>]}


============================== 20:33:32.734488 | 9d44d9cc-7063-4ed4-9cc5-66418cbcfb11 ==============================
[0m20:33:32.734488 [info ] [MainThread]: Running with dbt=1.8.0
[0m20:33:32.735345 [debug] [MainThread]: running dbt with arguments {'printer_width': '80', 'indirect_selection': 'eager', 'log_cache_events': 'False', 'write_json': 'True', 'partial_parse': 'True', 'cache_selected_only': 'False', 'warn_error': 'None', 'debug': 'False', 'version_check': 'True', 'log_path': '/home/usuario/examen_ing_de_sw_n_data_final/dbt/logs', 'profiles_dir': '/home/usuario/examen_ing_de_sw_n_data_final/profiles', 'fail_fast': 'False', 'use_colors': 'True', 'use_experimental_parser': 'False', 'no_print': 'None', 'quiet': 'False', 'log_format': 'default', 'invocation_command': 'dbt run --project-dir /home/usuario/examen_ing_de_sw_n_data_final/dbt', 'static_parser': 'True', 'introspect': 'True', 'target_path': 'None', 'warn_error_options': 'WarnErrorOptions(include=[], exclude=[])', 'send_anonymous_usage_stats': 'True'}
[0m20:33:32.983977 [debug] [MainThread]: Sending event: {'category': 'dbt', 'action': 'project_id', 'label': '9d44d9cc-7063-4ed4-9cc5-66418cbcfb11', 'context': [<snowplow_tracker.self_describing_json.SelfDescribingJson object at 0x7f03e1643ca0>]}
[0m20:33:33.045862 [debug] [MainThread]: Sending event: {'category': 'dbt', 'action': 'adapter_info', 'label': '9d44d9cc-7063-4ed4-9cc5-66418cbcfb11', 'context': [<snowplow_tracker.self_describing_json.SelfDescribingJson object at 0x7f03e193f550>]}
[0m20:33:33.046764 [info ] [MainThread]: Registered adapter: duckdb=1.8.0
[0m20:33:33.123813 [debug] [MainThread]: checksum: dbb12d416fdb55e3665e4828703bbedf40c5c90ed7ca6ff39bbbfb29b12b0a92, vars: {}, profile: , target: , version: 1.8.0
[0m20:33:33.253435 [debug] [MainThread]: Partial parsing enabled: 0 files deleted, 0 files added, 1 files changed.
[0m20:33:33.254206 [debug] [MainThread]: Partial parsing: updated file: medallion_dbt://models/marts/fct_customer_transactions.sql
[0m20:33:33.513254 [warn ] [MainThread]: [[33mWARNING[0m]: Deprecated functionality
The `tests` config has been renamed to `data_tests`. Please see
https://docs.getdbt.com/docs/build/data-tests#new-data_tests-syntax for more
information.
[0m20:33:33.513961 [debug] [MainThread]: Sending event: {'category': 'dbt', 'action': 'deprecation', 'label': '9d44d9cc-7063-4ed4-9cc5-66418cbcfb11', 'property_': 'warn', 'context': [<snowplow_tracker.self_describing_json.SelfDescribingJson object at 0x7f03d9758f40>]}
[0m20:33:33.725949 [debug] [MainThread]: Sending event: {'category': 'dbt', 'action': 'load_project', 'label': '9d44d9cc-7063-4ed4-9cc5-66418cbcfb11', 'context': [<snowplow_tracker.self_describing_json.SelfDescribingJson object at 0x7f03bb5d0c40>]}
[0m20:33:33.888430 [debug] [MainThread]: Sending event: {'category': 'dbt', 'action': 'resource_counts', 'label': '9d44d9cc-7063-4ed4-9cc5-66418cbcfb11', 'context': [<snowplow_tracker.self_describing_json.SelfDescribingJson object at 0x7f03bb5d21a0>]}
[0m20:33:33.889066 [info ] [MainThread]: Found 2 models, 16 data tests, 422 macros
[0m20:33:33.889514 [debug] [MainThread]: Sending event: {'category': 'dbt', 'action': 'runnable_timing', 'label': '9d44d9cc-7063-4ed4-9cc5-66418cbcfb11', 'context': [<snowplow_tracker.self_describing_json.SelfDescribingJson object at 0x7f03bb5d3ee0>]}
[0m20:33:33.891412 [info ] [MainThread]: 
[0m20:33:33.892083 [debug] [MainThread]: Acquiring new duckdb connection 'master'
[0m20:33:33.898151 [debug] [ThreadPool]: Acquiring new duckdb connection 'list_medallion'
[0m20:33:33.936835 [debug] [ThreadPool]: Using duckdb connection "list_medallion"
[0m20:33:33.937373 [debug] [ThreadPool]: On list_medallion: /* {"app": "dbt", "dbt_version": "1.8.0", "profile_name": "medallion_duckdb", "target_name": "dev", "connection_name": "list_medallion"} */

    
    select schema_name
    from system.information_schema.schemata
    
    where catalog_name = '"medallion"'
    
  
  
[0m20:33:33.937679 [debug] [ThreadPool]: Opening a new connection, currently in state init
[0m20:33:33.954591 [debug] [ThreadPool]: SQL status: OK in 0.017 seconds
[0m20:33:33.956019 [debug] [ThreadPool]: On list_medallion: Close
[0m20:33:33.959237 [debug] [ThreadPool]: Re-using an available connection from the pool (formerly list_medallion, now create_medallion_main)
[0m20:33:33.959830 [debug] [ThreadPool]: Creating schema "database: "medallion"
schema: "main"
"
[0m20:33:33.966948 [debug] [ThreadPool]: Using duckdb connection "create_medallion_main"
[0m20:33:33.967605 [debug] [ThreadPool]: On create_medallion_main: /* {"app": "dbt", "dbt_version": "1.8.0", "profile_name": "medallion_duckdb", "target_name": "dev", "connection_name": "create_medallion_main"} */

    
        select type from duckdb_databases()
        where database_name='medallion'
        and type='sqlite'
    
  
[0m20:33:33.968113 [debug] [ThreadPool]: Opening a new connection, currently in state closed
[0m20:33:33.980174 [debug] [ThreadPool]: SQL status: OK in 0.012 seconds
[0m20:33:33.981644 [debug] [ThreadPool]: Using duckdb connection "create_medallion_main"
[0m20:33:33.982016 [debug] [ThreadPool]: On create_medallion_main: BEGIN
[0m20:33:33.982951 [debug] [ThreadPool]: SQL status: OK in 0.000 seconds
[0m20:33:33.983448 [debug] [ThreadPool]: Using duckdb connection "create_medallion_main"
[0m20:33:33.984016 [debug] [ThreadPool]: On create_medallion_main: /* {"app": "dbt", "dbt_version": "1.8.0", "profile_name": "medallion_duckdb", "target_name": "dev", "connection_name": "create_medallion_main"} */

    
    
        create schema if not exists "medallion"."main"
    
[0m20:33:33.985024 [debug] [ThreadPool]: SQL status: OK in 0.001 seconds
[0m20:33:33.986149 [debug] [ThreadPool]: On create_medallion_main: COMMIT
[0m20:33:33.986570 [debug] [ThreadPool]: Using duckdb connection "create_medallion_main"
[0m20:33:33.986867 [debug] [ThreadPool]: On create_medallion_main: COMMIT
[0m20:33:33.987695 [debug] [ThreadPool]: SQL status: OK in 0.000 seconds
[0m20:33:33.988042 [debug] [ThreadPool]: On create_medallion_main: Close
[0m20:33:33.991428 [debug] [ThreadPool]: Re-using an available connection from the pool (formerly create_medallion_main, now list_medallion_main)
[0m20:33:33.997021 [debug] [ThreadPool]: Using duckdb connection "list_medallion_main"
[0m20:33:33.997438 [debug] [ThreadPool]: On list_medallion_main: BEGIN
[0m20:33:33.997771 [debug] [ThreadPool]: Opening a new connection, currently in state closed
[0m20:33:34.009152 [debug] [ThreadPool]: SQL status: OK in 0.011 seconds
[0m20:33:34.009653 [debug] [ThreadPool]: Using duckdb connection "list_medallion_main"
[0m20:33:34.009973 [debug] [ThreadPool]: On list_medallion_main: /* {"app": "dbt", "dbt_version": "1.8.0", "profile_name": "medallion_duckdb", "target_name": "dev", "connection_name": "list_medallion_main"} */
select
      'medallion' as database,
      table_name as name,
      table_schema as schema,
      CASE table_type
        WHEN 'BASE TABLE' THEN 'table'
        WHEN 'VIEW' THEN 'view'
        WHEN 'LOCAL TEMPORARY' THEN 'table'
        END as type
    from system.information_schema.tables
    where table_schema = 'main'
    and table_catalog = 'medallion'
  
[0m20:33:34.028318 [debug] [ThreadPool]: SQL status: OK in 0.018 seconds
[0m20:33:34.030426 [debug] [ThreadPool]: On list_medallion_main: ROLLBACK
[0m20:33:34.031150 [debug] [ThreadPool]: Failed to rollback 'list_medallion_main'
[0m20:33:34.031501 [debug] [ThreadPool]: On list_medallion_main: Close
[0m20:33:34.035627 [debug] [MainThread]: Sending event: {'category': 'dbt', 'action': 'runnable_timing', 'label': '9d44d9cc-7063-4ed4-9cc5-66418cbcfb11', 'context': [<snowplow_tracker.self_describing_json.SelfDescribingJson object at 0x7f03e2cb7610>]}
[0m20:33:34.036183 [debug] [MainThread]: Using duckdb connection "master"
[0m20:33:34.036559 [debug] [MainThread]: On master: BEGIN
[0m20:33:34.036878 [debug] [MainThread]: Opening a new connection, currently in state init
[0m20:33:34.051072 [debug] [MainThread]: SQL status: OK in 0.014 seconds
[0m20:33:34.051673 [debug] [MainThread]: On master: COMMIT
[0m20:33:34.052002 [debug] [MainThread]: Using duckdb connection "master"
[0m20:33:34.052302 [debug] [MainThread]: On master: COMMIT
[0m20:33:34.053276 [debug] [MainThread]: SQL status: OK in 0.001 seconds
[0m20:33:34.053680 [debug] [MainThread]: On master: Close
[0m20:33:34.056898 [info ] [MainThread]: Concurrency: 4 threads (target='dev')
[0m20:33:34.057393 [info ] [MainThread]: 
[0m20:33:34.062362 [debug] [Thread-1 (]: Began running node model.medallion_dbt.stg_transactions
[0m20:33:34.063106 [info ] [Thread-1 (]: 1 of 2 START sql view model main.stg_transactions .............................. [RUN]
[0m20:33:34.063850 [debug] [Thread-1 (]: Acquiring new duckdb connection 'model.medallion_dbt.stg_transactions'
[0m20:33:34.064249 [debug] [Thread-1 (]: Began compiling node model.medallion_dbt.stg_transactions
[0m20:33:34.074937 [debug] [Thread-1 (]: Writing injected SQL for node "model.medallion_dbt.stg_transactions"
[0m20:33:34.075681 [debug] [Thread-1 (]: Began executing node model.medallion_dbt.stg_transactions
[0m20:33:34.108678 [debug] [Thread-1 (]: Writing runtime sql for node "model.medallion_dbt.stg_transactions"
[0m20:33:34.109433 [debug] [Thread-1 (]: Using duckdb connection "model.medallion_dbt.stg_transactions"
[0m20:33:34.109913 [debug] [Thread-1 (]: On model.medallion_dbt.stg_transactions: BEGIN
[0m20:33:34.110285 [debug] [Thread-1 (]: Opening a new connection, currently in state init
[0m20:33:34.126996 [debug] [Thread-1 (]: SQL status: OK in 0.017 seconds
[0m20:33:34.127549 [debug] [Thread-1 (]: Using duckdb connection "model.medallion_dbt.stg_transactions"
[0m20:33:34.127935 [debug] [Thread-1 (]: On model.medallion_dbt.stg_transactions: /* {"app": "dbt", "dbt_version": "1.8.0", "profile_name": "medallion_duckdb", "target_name": "dev", "node_id": "model.medallion_dbt.stg_transactions"} */

  
  create view "medallion"."main"."stg_transactions__dbt_tmp" as (
    




with source as (

    select
        cast(transaction_id as varchar)   as transaction_id,
        cast(customer_id as varchar)      as customer_id,
        cast(amount as double)            as amount,
        cast(status as varchar)           as status,
        cast(transaction_ts as timestamp) as transaction_ts,
        cast(transaction_date as date)    as transaction_date

    from read_parquet(
        '/home/usuario/examen_ing_de_sw_n_data_final/data/clean/transactions_20251206_clean.parquet'
    )

)

select *
from source
  );

[0m20:33:34.129861 [debug] [Thread-1 (]: SQL status: OK in 0.001 seconds
[0m20:33:34.137488 [debug] [Thread-1 (]: Using duckdb connection "model.medallion_dbt.stg_transactions"
[0m20:33:34.137989 [debug] [Thread-1 (]: On model.medallion_dbt.stg_transactions: /* {"app": "dbt", "dbt_version": "1.8.0", "profile_name": "medallion_duckdb", "target_name": "dev", "node_id": "model.medallion_dbt.stg_transactions"} */
alter view "medallion"."main"."stg_transactions" rename to "stg_transactions__dbt_backup"
[0m20:33:34.139049 [debug] [Thread-1 (]: SQL status: OK in 0.001 seconds
[0m20:33:34.142164 [debug] [Thread-1 (]: Using duckdb connection "model.medallion_dbt.stg_transactions"
[0m20:33:34.142906 [debug] [Thread-1 (]: On model.medallion_dbt.stg_transactions: /* {"app": "dbt", "dbt_version": "1.8.0", "profile_name": "medallion_duckdb", "target_name": "dev", "node_id": "model.medallion_dbt.stg_transactions"} */
alter view "medallion"."main"."stg_transactions__dbt_tmp" rename to "stg_transactions"
[0m20:33:34.143840 [debug] [Thread-1 (]: SQL status: OK in 0.001 seconds
[0m20:33:34.161548 [debug] [Thread-1 (]: On model.medallion_dbt.stg_transactions: COMMIT
[0m20:33:34.162189 [debug] [Thread-1 (]: Using duckdb connection "model.medallion_dbt.stg_transactions"
[0m20:33:34.162818 [debug] [Thread-1 (]: On model.medallion_dbt.stg_transactions: COMMIT
[0m20:33:34.168564 [debug] [Thread-1 (]: SQL status: OK in 0.005 seconds
[0m20:33:34.173972 [debug] [Thread-1 (]: Using duckdb connection "model.medallion_dbt.stg_transactions"
[0m20:33:34.174552 [debug] [Thread-1 (]: On model.medallion_dbt.stg_transactions: /* {"app": "dbt", "dbt_version": "1.8.0", "profile_name": "medallion_duckdb", "target_name": "dev", "node_id": "model.medallion_dbt.stg_transactions"} */
drop view if exists "medallion"."main"."stg_transactions__dbt_backup" cascade
[0m20:33:34.180080 [debug] [Thread-1 (]: SQL status: OK in 0.005 seconds
[0m20:33:34.183085 [debug] [Thread-1 (]: On model.medallion_dbt.stg_transactions: Close
[0m20:33:34.199632 [debug] [Thread-1 (]: Sending event: {'category': 'dbt', 'action': 'run_model', 'label': '9d44d9cc-7063-4ed4-9cc5-66418cbcfb11', 'context': [<snowplow_tracker.self_describing_json.SelfDescribingJson object at 0x7f03e4339720>]}
[0m20:33:34.200417 [info ] [Thread-1 (]: 1 of 2 OK created sql view model main.stg_transactions ......................... [[32mOK[0m in 0.13s]
[0m20:33:34.201080 [debug] [Thread-1 (]: Finished running node model.medallion_dbt.stg_transactions
[0m20:33:34.202405 [debug] [Thread-3 (]: Began running node model.medallion_dbt.fct_customer_transactions
[0m20:33:34.203014 [info ] [Thread-3 (]: 2 of 2 START sql table model main.fct_customer_transactions .................... [RUN]
[0m20:33:34.203684 [debug] [Thread-3 (]: Acquiring new duckdb connection 'model.medallion_dbt.fct_customer_transactions'
[0m20:33:34.204090 [debug] [Thread-3 (]: Began compiling node model.medallion_dbt.fct_customer_transactions
[0m20:33:34.207544 [debug] [Thread-3 (]: Writing injected SQL for node "model.medallion_dbt.fct_customer_transactions"
[0m20:33:34.208220 [debug] [Thread-3 (]: Began executing node model.medallion_dbt.fct_customer_transactions
[0m20:33:34.231082 [debug] [Thread-3 (]: Writing runtime sql for node "model.medallion_dbt.fct_customer_transactions"
[0m20:33:34.231814 [debug] [Thread-3 (]: Using duckdb connection "model.medallion_dbt.fct_customer_transactions"
[0m20:33:34.232276 [debug] [Thread-3 (]: On model.medallion_dbt.fct_customer_transactions: BEGIN
[0m20:33:34.232612 [debug] [Thread-3 (]: Opening a new connection, currently in state init
[0m20:33:34.247415 [debug] [Thread-3 (]: SQL status: OK in 0.015 seconds
[0m20:33:34.247915 [debug] [Thread-3 (]: Using duckdb connection "model.medallion_dbt.fct_customer_transactions"
[0m20:33:34.248312 [debug] [Thread-3 (]: On model.medallion_dbt.fct_customer_transactions: /* {"app": "dbt", "dbt_version": "1.8.0", "profile_name": "medallion_duckdb", "target_name": "dev", "node_id": "model.medallion_dbt.fct_customer_transactions"} */

  
    
    

    create  table
      "medallion"."main"."fct_customer_transactions__dbt_tmp"
  
    as (
      

with base as (

    select *
    from "medallion"."main"."stg_transactions"

),

aggregated as (

    select
        customer_id,

        -- Metrics
        count(*)                              as total_transactions,
        sum(amount)                           as total_amount,
        avg(amount)                           as avg_amount,

        -- Status-based metrics
        sum(case when status = 'completed' then 1 else 0 end) as completed_transactions,
        sum(case when status = 'pending' then 1 else 0 end)   as pending_transactions,
        sum(case when status = 'failed' then 1 else 0 end)    as failed_transactions,

        -- Dates
        min(transaction_date)                 as first_transaction_date,
        max(transaction_date)                 as last_transaction_date

    from base
    group by customer_id

)

select *
from aggregated
    );
  
  
[0m20:33:34.279422 [debug] [Thread-3 (]: SQL status: OK in 0.031 seconds
[0m20:33:34.282902 [debug] [Thread-3 (]: Using duckdb connection "model.medallion_dbt.fct_customer_transactions"
[0m20:33:34.283424 [debug] [Thread-3 (]: On model.medallion_dbt.fct_customer_transactions: /* {"app": "dbt", "dbt_version": "1.8.0", "profile_name": "medallion_duckdb", "target_name": "dev", "node_id": "model.medallion_dbt.fct_customer_transactions"} */
alter table "medallion"."main"."fct_customer_transactions__dbt_tmp" rename to "fct_customer_transactions"
[0m20:33:34.284564 [debug] [Thread-3 (]: SQL status: OK in 0.001 seconds
[0m20:33:34.289702 [debug] [Thread-3 (]: On model.medallion_dbt.fct_customer_transactions: COMMIT
[0m20:33:34.290180 [debug] [Thread-3 (]: Using duckdb connection "model.medallion_dbt.fct_customer_transactions"
[0m20:33:34.290602 [debug] [Thread-3 (]: On model.medallion_dbt.fct_customer_transactions: COMMIT
[0m20:33:34.296887 [debug] [Thread-3 (]: SQL status: OK in 0.006 seconds
[0m20:33:34.299584 [debug] [Thread-3 (]: Using duckdb connection "model.medallion_dbt.fct_customer_transactions"
[0m20:33:34.300009 [debug] [Thread-3 (]: On model.medallion_dbt.fct_customer_transactions: /* {"app": "dbt", "dbt_version": "1.8.0", "profile_name": "medallion_duckdb", "target_name": "dev", "node_id": "model.medallion_dbt.fct_customer_transactions"} */
drop table if exists "medallion"."main"."fct_customer_transactions__dbt_backup" cascade
[0m20:33:34.300902 [debug] [Thread-3 (]: SQL status: OK in 0.001 seconds
[0m20:33:34.302271 [debug] [Thread-3 (]: On model.medallion_dbt.fct_customer_transactions: Close
[0m20:33:34.323772 [debug] [Thread-3 (]: Sending event: {'category': 'dbt', 'action': 'run_model', 'label': '9d44d9cc-7063-4ed4-9cc5-66418cbcfb11', 'context': [<snowplow_tracker.self_describing_json.SelfDescribingJson object at 0x7f03d9a06e60>]}
[0m20:33:34.324581 [info ] [Thread-3 (]: 2 of 2 OK created sql table model main.fct_customer_transactions ............... [[32mOK[0m in 0.12s]
[0m20:33:34.325527 [debug] [Thread-3 (]: Finished running node model.medallion_dbt.fct_customer_transactions
[0m20:33:34.327822 [debug] [MainThread]: Using duckdb connection "master"
[0m20:33:34.328245 [debug] [MainThread]: On master: BEGIN
[0m20:33:34.328556 [debug] [MainThread]: Opening a new connection, currently in state closed
[0m20:33:34.342105 [debug] [MainThread]: SQL status: OK in 0.013 seconds
[0m20:33:34.342746 [debug] [MainThread]: On master: COMMIT
[0m20:33:34.343074 [debug] [MainThread]: Using duckdb connection "master"
[0m20:33:34.343436 [debug] [MainThread]: On master: COMMIT
[0m20:33:34.344471 [debug] [MainThread]: SQL status: OK in 0.001 seconds
[0m20:33:34.344857 [debug] [MainThread]: On master: Close
[0m20:33:34.347307 [debug] [MainThread]: Connection 'master' was properly closed.
[0m20:33:34.347788 [debug] [MainThread]: Connection 'list_medallion_main' was properly closed.
[0m20:33:34.348093 [debug] [MainThread]: Connection 'model.medallion_dbt.stg_transactions' was properly closed.
[0m20:33:34.348369 [debug] [MainThread]: Connection 'model.medallion_dbt.fct_customer_transactions' was properly closed.
[0m20:33:34.348722 [info ] [MainThread]: 
[0m20:33:34.349109 [info ] [MainThread]: Finished running 1 view model, 1 table model in 0 hours 0 minutes and 0.46 seconds (0.46s).
[0m20:33:34.349967 [debug] [MainThread]: Command end result
[0m20:33:34.383675 [info ] [MainThread]: 
[0m20:33:34.384299 [info ] [MainThread]: [32mCompleted successfully[0m
[0m20:33:34.384673 [info ] [MainThread]: 
[0m20:33:34.385071 [info ] [MainThread]: Done. PASS=2 WARN=0 ERROR=0 SKIP=0 TOTAL=2
[0m20:33:34.385935 [debug] [MainThread]: Resource report: {"command_name": "run", "command_success": true, "command_wall_clock_time": 1.7230744, "process_user_time": 2.781582, "process_kernel_time": 0.238536, "process_mem_max_rss": "153580", "process_in_blocks": "5352", "process_out_blocks": "4392"}
[0m20:33:34.386528 [debug] [MainThread]: Command `dbt run` succeeded at 20:33:34.386418 after 1.72 seconds
[0m20:33:34.386919 [debug] [MainThread]: Sending event: {'category': 'dbt', 'action': 'invocation', 'label': 'end', 'context': [<snowplow_tracker.self_describing_json.SelfDescribingJson object at 0x7f03e365c8e0>, <snowplow_tracker.self_describing_json.SelfDescribingJson object at 0x7f03e2addc60>, <snowplow_tracker.self_describing_json.SelfDescribingJson object at 0x7f03e1643ca0>]}
[0m20:33:34.387288 [debug] [MainThread]: Flushing usage events
[0m20:33:39.627305 [debug] [MainThread]: Sending event: {'category': 'dbt', 'action': 'invocation', 'label': 'start', 'context': [<snowplow_tracker.self_describing_json.SelfDescribingJson object at 0x711c2dfa08e0>, <snowplow_tracker.self_describing_json.SelfDescribingJson object at 0x711c2bfc7490>, <snowplow_tracker.self_describing_json.SelfDescribingJson object at 0x711c2bfc65c0>]}


============================== 20:33:39.629979 | ddc3a821-6077-4e74-89dd-6c1919668725 ==============================
[0m20:33:39.629979 [info ] [MainThread]: Running with dbt=1.8.0
[0m20:33:39.630622 [debug] [MainThread]: running dbt with arguments {'printer_width': '80', 'indirect_selection': 'eager', 'log_cache_events': 'False', 'write_json': 'True', 'partial_parse': 'True', 'cache_selected_only': 'False', 'warn_error': 'None', 'fail_fast': 'False', 'version_check': 'True', 'log_path': '/home/usuario/examen_ing_de_sw_n_data_final/dbt/logs', 'debug': 'False', 'profiles_dir': '/home/usuario/examen_ing_de_sw_n_data_final/profiles', 'use_colors': 'True', 'use_experimental_parser': 'False', 'no_print': 'None', 'quiet': 'False', 'log_format': 'default', 'invocation_command': 'dbt test --project-dir /home/usuario/examen_ing_de_sw_n_data_final/dbt', 'warn_error_options': 'WarnErrorOptions(include=[], exclude=[])', 'introspect': 'True', 'target_path': 'None', 'static_parser': 'True', 'send_anonymous_usage_stats': 'True'}
[0m20:33:39.848889 [debug] [MainThread]: Sending event: {'category': 'dbt', 'action': 'project_id', 'label': 'ddc3a821-6077-4e74-89dd-6c1919668725', 'context': [<snowplow_tracker.self_describing_json.SelfDescribingJson object at 0x711c2bf2fca0>]}
[0m20:33:39.909699 [debug] [MainThread]: Sending event: {'category': 'dbt', 'action': 'adapter_info', 'label': 'ddc3a821-6077-4e74-89dd-6c1919668725', 'context': [<snowplow_tracker.self_describing_json.SelfDescribingJson object at 0x711c2c22b550>]}
[0m20:33:39.910673 [info ] [MainThread]: Registered adapter: duckdb=1.8.0
[0m20:33:39.991246 [debug] [MainThread]: checksum: dbb12d416fdb55e3665e4828703bbedf40c5c90ed7ca6ff39bbbfb29b12b0a92, vars: {}, profile: , target: , version: 1.8.0
[0m20:33:40.117159 [debug] [MainThread]: Partial parsing enabled: 0 files deleted, 0 files added, 0 files changed.
[0m20:33:40.117618 [debug] [MainThread]: Partial parsing enabled, no changes found, skipping parsing
[0m20:33:40.167497 [debug] [MainThread]: Sending event: {'category': 'dbt', 'action': 'load_project', 'label': 'ddc3a821-6077-4e74-89dd-6c1919668725', 'context': [<snowplow_tracker.self_describing_json.SelfDescribingJson object at 0x711c2402ff10>]}
[0m20:33:40.286461 [debug] [MainThread]: Sending event: {'category': 'dbt', 'action': 'resource_counts', 'label': 'ddc3a821-6077-4e74-89dd-6c1919668725', 'context': [<snowplow_tracker.self_describing_json.SelfDescribingJson object at 0x711c24045330>]}
[0m20:33:40.287102 [info ] [MainThread]: Found 2 models, 16 data tests, 422 macros
[0m20:33:40.287577 [debug] [MainThread]: Sending event: {'category': 'dbt', 'action': 'runnable_timing', 'label': 'ddc3a821-6077-4e74-89dd-6c1919668725', 'context': [<snowplow_tracker.self_describing_json.SelfDescribingJson object at 0x711c241c32e0>]}
[0m20:33:40.289976 [info ] [MainThread]: 
[0m20:33:40.290681 [debug] [MainThread]: Acquiring new duckdb connection 'master'
[0m20:33:40.296412 [debug] [ThreadPool]: Acquiring new duckdb connection 'list_medallion_main'
[0m20:33:40.335235 [debug] [ThreadPool]: Using duckdb connection "list_medallion_main"
[0m20:33:40.335678 [debug] [ThreadPool]: On list_medallion_main: BEGIN
[0m20:33:40.335970 [debug] [ThreadPool]: Opening a new connection, currently in state init
[0m20:33:40.351917 [debug] [ThreadPool]: SQL status: OK in 0.016 seconds
[0m20:33:40.352423 [debug] [ThreadPool]: Using duckdb connection "list_medallion_main"
[0m20:33:40.352764 [debug] [ThreadPool]: On list_medallion_main: /* {"app": "dbt", "dbt_version": "1.8.0", "profile_name": "medallion_duckdb", "target_name": "dev", "connection_name": "list_medallion_main"} */
select
      'medallion' as database,
      table_name as name,
      table_schema as schema,
      CASE table_type
        WHEN 'BASE TABLE' THEN 'table'
        WHEN 'VIEW' THEN 'view'
        WHEN 'LOCAL TEMPORARY' THEN 'table'
        END as type
    from system.information_schema.tables
    where table_schema = 'main'
    and table_catalog = 'medallion'
  
[0m20:33:40.366049 [debug] [ThreadPool]: SQL status: OK in 0.013 seconds
[0m20:33:40.367789 [debug] [ThreadPool]: On list_medallion_main: ROLLBACK
[0m20:33:40.368332 [debug] [ThreadPool]: Failed to rollback 'list_medallion_main'
[0m20:33:40.368640 [debug] [ThreadPool]: On list_medallion_main: Close
[0m20:33:40.372745 [debug] [MainThread]: Sending event: {'category': 'dbt', 'action': 'runnable_timing', 'label': 'ddc3a821-6077-4e74-89dd-6c1919668725', 'context': [<snowplow_tracker.self_describing_json.SelfDescribingJson object at 0x711c24046620>]}
[0m20:33:40.373372 [debug] [MainThread]: Using duckdb connection "master"
[0m20:33:40.373702 [debug] [MainThread]: On master: BEGIN
[0m20:33:40.374003 [debug] [MainThread]: Opening a new connection, currently in state init
[0m20:33:40.390276 [debug] [MainThread]: SQL status: OK in 0.016 seconds
[0m20:33:40.390861 [debug] [MainThread]: On master: COMMIT
[0m20:33:40.391175 [debug] [MainThread]: Using duckdb connection "master"
[0m20:33:40.391519 [debug] [MainThread]: On master: COMMIT
[0m20:33:40.392334 [debug] [MainThread]: SQL status: OK in 0.000 seconds
[0m20:33:40.392690 [debug] [MainThread]: On master: Close
[0m20:33:40.395142 [info ] [MainThread]: Concurrency: 4 threads (target='dev')
[0m20:33:40.395712 [info ] [MainThread]: 
[0m20:33:40.399323 [debug] [Thread-1 (]: Began running node test.medallion_dbt.accepted_values_stg_transactions_status__completed__pending__failed.e52c83ab26
[0m20:33:40.399976 [debug] [Thread-2 (]: Began running node test.medallion_dbt.non_negative_fct_customer_transactions_total_amount_all.1032e62a89
[0m20:33:40.400541 [info ] [Thread-1 (]: 1 of 16 START test accepted_values_stg_transactions_status__completed__pending__failed  [RUN]
[0m20:33:40.401258 [info ] [Thread-2 (]: 2 of 16 START test non_negative_fct_customer_transactions_total_amount_all ..... [RUN]
[0m20:33:40.402088 [debug] [Thread-1 (]: Acquiring new duckdb connection 'test.medallion_dbt.accepted_values_stg_transactions_status__completed__pending__failed.e52c83ab26'
[0m20:33:40.402707 [debug] [Thread-3 (]: Began running node test.medallion_dbt.non_negative_fct_customer_transactions_total_amount_completed.b85991a428
[0m20:33:40.403476 [debug] [Thread-2 (]: Acquiring new duckdb connection 'test.medallion_dbt.non_negative_fct_customer_transactions_total_amount_all.1032e62a89'
[0m20:33:40.403992 [debug] [Thread-4 (]: Began running node test.medallion_dbt.non_negative_fct_customer_transactions_transaction_count.df8b0df1a4
[0m20:33:40.404529 [debug] [Thread-1 (]: Began compiling node test.medallion_dbt.accepted_values_stg_transactions_status__completed__pending__failed.e52c83ab26
[0m20:33:40.405045 [info ] [Thread-3 (]: 3 of 16 START test non_negative_fct_customer_transactions_total_amount_completed  [RUN]
[0m20:33:40.405659 [debug] [Thread-2 (]: Began compiling node test.medallion_dbt.non_negative_fct_customer_transactions_total_amount_all.1032e62a89
[0m20:33:40.406170 [info ] [Thread-4 (]: 4 of 16 START test non_negative_fct_customer_transactions_transaction_count .... [RUN]
[0m20:33:40.412543 [debug] [Thread-3 (]: Acquiring new duckdb connection 'test.medallion_dbt.non_negative_fct_customer_transactions_total_amount_completed.b85991a428'
[0m20:33:40.427014 [debug] [Thread-1 (]: Writing injected SQL for node "test.medallion_dbt.accepted_values_stg_transactions_status__completed__pending__failed.e52c83ab26"
[0m20:33:40.432094 [debug] [Thread-2 (]: Writing injected SQL for node "test.medallion_dbt.non_negative_fct_customer_transactions_total_amount_all.1032e62a89"
[0m20:33:40.432880 [debug] [Thread-4 (]: Acquiring new duckdb connection 'test.medallion_dbt.non_negative_fct_customer_transactions_transaction_count.df8b0df1a4'
[0m20:33:40.433435 [debug] [Thread-3 (]: Began compiling node test.medallion_dbt.non_negative_fct_customer_transactions_total_amount_completed.b85991a428
[0m20:33:40.434433 [debug] [Thread-4 (]: Began compiling node test.medallion_dbt.non_negative_fct_customer_transactions_transaction_count.df8b0df1a4
[0m20:33:40.439301 [debug] [Thread-3 (]: Writing injected SQL for node "test.medallion_dbt.non_negative_fct_customer_transactions_total_amount_completed.b85991a428"
[0m20:33:40.496952 [debug] [Thread-2 (]: Began executing node test.medallion_dbt.non_negative_fct_customer_transactions_total_amount_all.1032e62a89
[0m20:33:40.499486 [debug] [Thread-4 (]: Writing injected SQL for node "test.medallion_dbt.non_negative_fct_customer_transactions_transaction_count.df8b0df1a4"
[0m20:33:40.506573 [debug] [Thread-1 (]: Began executing node test.medallion_dbt.accepted_values_stg_transactions_status__completed__pending__failed.e52c83ab26
[0m20:33:40.528256 [debug] [Thread-4 (]: Began executing node test.medallion_dbt.non_negative_fct_customer_transactions_transaction_count.df8b0df1a4
[0m20:33:40.529266 [debug] [Thread-3 (]: Began executing node test.medallion_dbt.non_negative_fct_customer_transactions_total_amount_completed.b85991a428
[0m20:33:40.536102 [debug] [Thread-2 (]: Writing runtime sql for node "test.medallion_dbt.non_negative_fct_customer_transactions_total_amount_all.1032e62a89"
[0m20:33:40.537013 [debug] [Thread-1 (]: Writing runtime sql for node "test.medallion_dbt.accepted_values_stg_transactions_status__completed__pending__failed.e52c83ab26"
[0m20:33:40.540306 [debug] [Thread-4 (]: Writing runtime sql for node "test.medallion_dbt.non_negative_fct_customer_transactions_transaction_count.df8b0df1a4"
[0m20:33:40.543564 [debug] [Thread-3 (]: Writing runtime sql for node "test.medallion_dbt.non_negative_fct_customer_transactions_total_amount_completed.b85991a428"
[0m20:33:40.545716 [debug] [Thread-1 (]: Using duckdb connection "test.medallion_dbt.accepted_values_stg_transactions_status__completed__pending__failed.e52c83ab26"
[0m20:33:40.546626 [debug] [Thread-2 (]: Using duckdb connection "test.medallion_dbt.non_negative_fct_customer_transactions_total_amount_all.1032e62a89"
[0m20:33:40.547251 [debug] [Thread-1 (]: On test.medallion_dbt.accepted_values_stg_transactions_status__completed__pending__failed.e52c83ab26: BEGIN
[0m20:33:40.548258 [debug] [Thread-4 (]: Using duckdb connection "test.medallion_dbt.non_negative_fct_customer_transactions_transaction_count.df8b0df1a4"
[0m20:33:40.548888 [debug] [Thread-3 (]: Using duckdb connection "test.medallion_dbt.non_negative_fct_customer_transactions_total_amount_completed.b85991a428"
[0m20:33:40.549424 [debug] [Thread-2 (]: On test.medallion_dbt.non_negative_fct_customer_transactions_total_amount_all.1032e62a89: BEGIN
[0m20:33:40.549995 [debug] [Thread-1 (]: Opening a new connection, currently in state init
[0m20:33:40.550609 [debug] [Thread-4 (]: On test.medallion_dbt.non_negative_fct_customer_transactions_transaction_count.df8b0df1a4: BEGIN
[0m20:33:40.551169 [debug] [Thread-3 (]: On test.medallion_dbt.non_negative_fct_customer_transactions_total_amount_completed.b85991a428: BEGIN
[0m20:33:40.551710 [debug] [Thread-2 (]: Opening a new connection, currently in state init
[0m20:33:40.552476 [debug] [Thread-4 (]: Opening a new connection, currently in state init
[0m20:33:40.553037 [debug] [Thread-3 (]: Opening a new connection, currently in state init
[0m20:33:40.567657 [debug] [Thread-1 (]: SQL status: OK in 0.018 seconds
[0m20:33:40.568777 [debug] [Thread-1 (]: Using duckdb connection "test.medallion_dbt.accepted_values_stg_transactions_status__completed__pending__failed.e52c83ab26"
[0m20:33:40.569375 [debug] [Thread-1 (]: On test.medallion_dbt.accepted_values_stg_transactions_status__completed__pending__failed.e52c83ab26: /* {"app": "dbt", "dbt_version": "1.8.0", "profile_name": "medallion_duckdb", "target_name": "dev", "node_id": "test.medallion_dbt.accepted_values_stg_transactions_status__completed__pending__failed.e52c83ab26"} */
select
      count(*) as failures,
      count(*) != 0 as should_warn,
      count(*) != 0 as should_error
    from (
      
    
    

with all_values as (

    select
        status as value_field,
        count(*) as n_records

    from "medallion"."main"."stg_transactions"
    group by status

)

select *
from all_values
where value_field not in (
    'completed','pending','failed'
)



      
    ) dbt_internal_test
[0m20:33:40.570053 [debug] [Thread-2 (]: SQL status: OK in 0.018 seconds
[0m20:33:40.570924 [debug] [Thread-3 (]: SQL status: OK in 0.018 seconds
[0m20:33:40.571461 [debug] [Thread-4 (]: SQL status: OK in 0.019 seconds
[0m20:33:40.571987 [debug] [Thread-2 (]: Using duckdb connection "test.medallion_dbt.non_negative_fct_customer_transactions_total_amount_all.1032e62a89"
[0m20:33:40.572933 [debug] [Thread-3 (]: Using duckdb connection "test.medallion_dbt.non_negative_fct_customer_transactions_total_amount_completed.b85991a428"
[0m20:33:40.573532 [debug] [Thread-4 (]: Using duckdb connection "test.medallion_dbt.non_negative_fct_customer_transactions_transaction_count.df8b0df1a4"
[0m20:33:40.574254 [debug] [Thread-2 (]: On test.medallion_dbt.non_negative_fct_customer_transactions_total_amount_all.1032e62a89: /* {"app": "dbt", "dbt_version": "1.8.0", "profile_name": "medallion_duckdb", "target_name": "dev", "node_id": "test.medallion_dbt.non_negative_fct_customer_transactions_total_amount_all.1032e62a89"} */
select
      count(*) as failures,
      count(*) != 0 as should_warn,
      count(*) != 0 as should_error
    from (
      

-- TODO: Implementar el test para verificar que los valores en la columna son no negativos y no nulos.

select
    total_amount_all
from "medallion"."main"."fct_customer_transactions"
where total_amount_all < 0 or total_amount_all is null


      
    ) dbt_internal_test
[0m20:33:40.575154 [debug] [Thread-3 (]: On test.medallion_dbt.non_negative_fct_customer_transactions_total_amount_completed.b85991a428: /* {"app": "dbt", "dbt_version": "1.8.0", "profile_name": "medallion_duckdb", "target_name": "dev", "node_id": "test.medallion_dbt.non_negative_fct_customer_transactions_total_amount_completed.b85991a428"} */
select
      count(*) as failures,
      count(*) != 0 as should_warn,
      count(*) != 0 as should_error
    from (
      

-- TODO: Implementar el test para verificar que los valores en la columna son no negativos y no nulos.

select
    total_amount_completed
from "medallion"."main"."fct_customer_transactions"
where total_amount_completed < 0 or total_amount_completed is null


      
    ) dbt_internal_test
[0m20:33:40.575946 [debug] [Thread-4 (]: On test.medallion_dbt.non_negative_fct_customer_transactions_transaction_count.df8b0df1a4: /* {"app": "dbt", "dbt_version": "1.8.0", "profile_name": "medallion_duckdb", "target_name": "dev", "node_id": "test.medallion_dbt.non_negative_fct_customer_transactions_transaction_count.df8b0df1a4"} */
select
      count(*) as failures,
      count(*) != 0 as should_warn,
      count(*) != 0 as should_error
    from (
      

-- TODO: Implementar el test para verificar que los valores en la columna son no negativos y no nulos.

select
    transaction_count
from "medallion"."main"."fct_customer_transactions"
where transaction_count < 0 or transaction_count is null


      
    ) dbt_internal_test
[0m20:33:40.579347 [debug] [Thread-4 (]: DuckDB adapter: Error running SQL: /* {"app": "dbt", "dbt_version": "1.8.0", "profile_name": "medallion_duckdb", "target_name": "dev", "node_id": "test.medallion_dbt.non_negative_fct_customer_transactions_transaction_count.df8b0df1a4"} */
select
      count(*) as failures,
      count(*) != 0 as should_warn,
      count(*) != 0 as should_error
    from (
      

-- TODO: Implementar el test para verificar que los valores en la columna son no negativos y no nulos.

select
    transaction_count
from "medallion"."main"."fct_customer_transactions"
where transaction_count < 0 or transaction_count is null


      
    ) dbt_internal_test
[0m20:33:40.580231 [debug] [Thread-2 (]: DuckDB adapter: Error running SQL: /* {"app": "dbt", "dbt_version": "1.8.0", "profile_name": "medallion_duckdb", "target_name": "dev", "node_id": "test.medallion_dbt.non_negative_fct_customer_transactions_total_amount_all.1032e62a89"} */
select
      count(*) as failures,
      count(*) != 0 as should_warn,
      count(*) != 0 as should_error
    from (
      

-- TODO: Implementar el test para verificar que los valores en la columna son no negativos y no nulos.

select
    total_amount_all
from "medallion"."main"."fct_customer_transactions"
where total_amount_all < 0 or total_amount_all is null


      
    ) dbt_internal_test
[0m20:33:40.580775 [debug] [Thread-1 (]: SQL status: OK in 0.011 seconds
[0m20:33:40.581374 [debug] [Thread-4 (]: DuckDB adapter: Rolling back transaction.
[0m20:33:40.581886 [debug] [Thread-3 (]: DuckDB adapter: Error running SQL: /* {"app": "dbt", "dbt_version": "1.8.0", "profile_name": "medallion_duckdb", "target_name": "dev", "node_id": "test.medallion_dbt.non_negative_fct_customer_transactions_total_amount_completed.b85991a428"} */
select
      count(*) as failures,
      count(*) != 0 as should_warn,
      count(*) != 0 as should_error
    from (
      

-- TODO: Implementar el test para verificar que los valores en la columna son no negativos y no nulos.

select
    total_amount_completed
from "medallion"."main"."fct_customer_transactions"
where total_amount_completed < 0 or total_amount_completed is null


      
    ) dbt_internal_test
[0m20:33:40.582515 [debug] [Thread-2 (]: DuckDB adapter: Rolling back transaction.
[0m20:33:40.583387 [debug] [Thread-4 (]: On test.medallion_dbt.non_negative_fct_customer_transactions_transaction_count.df8b0df1a4: ROLLBACK
[0m20:33:40.584053 [debug] [Thread-3 (]: DuckDB adapter: Rolling back transaction.
[0m20:33:40.588865 [debug] [Thread-1 (]: On test.medallion_dbt.accepted_values_stg_transactions_status__completed__pending__failed.e52c83ab26: ROLLBACK
[0m20:33:40.589586 [debug] [Thread-2 (]: On test.medallion_dbt.non_negative_fct_customer_transactions_total_amount_all.1032e62a89: ROLLBACK
[0m20:33:40.591083 [debug] [Thread-3 (]: On test.medallion_dbt.non_negative_fct_customer_transactions_total_amount_completed.b85991a428: ROLLBACK
[0m20:33:40.592050 [debug] [Thread-1 (]: Failed to rollback 'test.medallion_dbt.accepted_values_stg_transactions_status__completed__pending__failed.e52c83ab26'
[0m20:33:40.598228 [debug] [Thread-1 (]: On test.medallion_dbt.accepted_values_stg_transactions_status__completed__pending__failed.e52c83ab26: Close
[0m20:33:40.600307 [info ] [Thread-1 (]: 1 of 16 PASS accepted_values_stg_transactions_status__completed__pending__failed  [[32mPASS[0m in 0.20s]
[0m20:33:40.601255 [debug] [Thread-1 (]: Finished running node test.medallion_dbt.accepted_values_stg_transactions_status__completed__pending__failed.e52c83ab26
[0m20:33:40.603449 [debug] [Thread-1 (]: Began running node test.medallion_dbt.non_negative_stg_transactions_amount.cc30daf733
[0m20:33:40.604641 [info ] [Thread-1 (]: 5 of 16 START test non_negative_stg_transactions_amount ........................ [RUN]
[0m20:33:40.605678 [debug] [Thread-1 (]: Re-using an available connection from the pool (formerly test.medallion_dbt.accepted_values_stg_transactions_status__completed__pending__failed.e52c83ab26, now test.medallion_dbt.non_negative_stg_transactions_amount.cc30daf733)
[0m20:33:40.606957 [debug] [Thread-1 (]: Began compiling node test.medallion_dbt.non_negative_stg_transactions_amount.cc30daf733
[0m20:33:40.612574 [debug] [Thread-1 (]: Writing injected SQL for node "test.medallion_dbt.non_negative_stg_transactions_amount.cc30daf733"
[0m20:33:40.614219 [debug] [Thread-3 (]: Failed to rollback 'test.medallion_dbt.non_negative_fct_customer_transactions_total_amount_completed.b85991a428'
[0m20:33:40.615358 [debug] [Thread-4 (]: Failed to rollback 'test.medallion_dbt.non_negative_fct_customer_transactions_transaction_count.df8b0df1a4'
[0m20:33:40.615868 [debug] [Thread-1 (]: Began executing node test.medallion_dbt.non_negative_stg_transactions_amount.cc30daf733
[0m20:33:40.616386 [debug] [Thread-3 (]: On test.medallion_dbt.non_negative_fct_customer_transactions_total_amount_completed.b85991a428: Close
[0m20:33:40.617211 [debug] [Thread-2 (]: Failed to rollback 'test.medallion_dbt.non_negative_fct_customer_transactions_total_amount_all.1032e62a89'
[0m20:33:40.617728 [debug] [Thread-4 (]: On test.medallion_dbt.non_negative_fct_customer_transactions_transaction_count.df8b0df1a4: Close
[0m20:33:40.621631 [debug] [Thread-1 (]: Writing runtime sql for node "test.medallion_dbt.non_negative_stg_transactions_amount.cc30daf733"
[0m20:33:40.622735 [debug] [Thread-2 (]: On test.medallion_dbt.non_negative_fct_customer_transactions_total_amount_all.1032e62a89: Close
[0m20:33:40.623644 [debug] [Thread-3 (]: Runtime Error in test non_negative_fct_customer_transactions_total_amount_completed (models/marts/schema.yml)
  Binder Error: Referenced column "total_amount_completed" not found in FROM clause!
  Candidate bindings: "total_amount", "total_transactions", "last_transaction_date", "first_transaction_date", "avg_amount"
  
  LINE 14: where total_amount_completed < 0 or total_amount_completed is...
                 ^
[0m20:33:40.624863 [debug] [Thread-4 (]: Runtime Error in test non_negative_fct_customer_transactions_transaction_count (models/marts/schema.yml)
  Binder Error: Referenced column "transaction_count" not found in FROM clause!
  Candidate bindings: "total_transactions", "completed_transactions", "pending_transactions", "total_amount", "last_transaction_date"
  
  LINE 14: where transaction_count < 0 or transaction_count is null
                 ^
[0m20:33:40.625907 [error] [Thread-3 (]: 3 of 16 ERROR non_negative_fct_customer_transactions_total_amount_completed .... [[31mERROR[0m in 0.21s]
[0m20:33:40.626906 [error] [Thread-4 (]: 4 of 16 ERROR non_negative_fct_customer_transactions_transaction_count ......... [[31mERROR[0m in 0.19s]
[0m20:33:40.627809 [debug] [Thread-3 (]: Finished running node test.medallion_dbt.non_negative_fct_customer_transactions_total_amount_completed.b85991a428
[0m20:33:40.628905 [debug] [Thread-4 (]: Finished running node test.medallion_dbt.non_negative_fct_customer_transactions_transaction_count.df8b0df1a4
[0m20:33:40.629427 [debug] [Thread-1 (]: Using duckdb connection "test.medallion_dbt.non_negative_stg_transactions_amount.cc30daf733"
[0m20:33:40.630118 [debug] [Thread-3 (]: Began running node test.medallion_dbt.not_null_fct_customer_transactions_customer_id.8253bbdb2c
[0m20:33:40.631660 [debug] [Thread-2 (]: Runtime Error in test non_negative_fct_customer_transactions_total_amount_all (models/marts/schema.yml)
  Binder Error: Referenced column "total_amount_all" not found in FROM clause!
  Candidate bindings: "total_amount", "total_transactions", "avg_amount", "last_transaction_date", "first_transaction_date"
  
  LINE 14: where total_amount_all < 0 or total_amount_all is null
                 ^
[0m20:33:40.632304 [debug] [Thread-4 (]: Began running node test.medallion_dbt.not_null_fct_customer_transactions_total_amount_all.0a661a703f
[0m20:33:40.633526 [debug] [Thread-1 (]: On test.medallion_dbt.non_negative_stg_transactions_amount.cc30daf733: BEGIN
[0m20:33:40.634073 [info ] [Thread-3 (]: 6 of 16 START test not_null_fct_customer_transactions_customer_id .............. [RUN]
[0m20:33:40.634849 [error] [Thread-2 (]: 2 of 16 ERROR non_negative_fct_customer_transactions_total_amount_all .......... [[31mERROR[0m in 0.23s]
[0m20:33:40.635523 [info ] [Thread-4 (]: 7 of 16 START test not_null_fct_customer_transactions_total_amount_all ......... [RUN]
[0m20:33:40.636113 [debug] [Thread-1 (]: Opening a new connection, currently in state closed
[0m20:33:40.636787 [debug] [Thread-3 (]: Re-using an available connection from the pool (formerly test.medallion_dbt.non_negative_fct_customer_transactions_total_amount_completed.b85991a428, now test.medallion_dbt.not_null_fct_customer_transactions_customer_id.8253bbdb2c)
[0m20:33:40.637533 [debug] [Thread-2 (]: Finished running node test.medallion_dbt.non_negative_fct_customer_transactions_total_amount_all.1032e62a89
[0m20:33:40.638113 [debug] [Thread-4 (]: Re-using an available connection from the pool (formerly test.medallion_dbt.non_negative_fct_customer_transactions_transaction_count.df8b0df1a4, now test.medallion_dbt.not_null_fct_customer_transactions_total_amount_all.0a661a703f)
[0m20:33:40.639014 [debug] [Thread-3 (]: Began compiling node test.medallion_dbt.not_null_fct_customer_transactions_customer_id.8253bbdb2c
[0m20:33:40.639661 [debug] [Thread-2 (]: Began running node test.medallion_dbt.not_null_fct_customer_transactions_total_amount_completed.989f790418
[0m20:33:40.640214 [debug] [Thread-4 (]: Began compiling node test.medallion_dbt.not_null_fct_customer_transactions_total_amount_all.0a661a703f
[0m20:33:40.648580 [debug] [Thread-3 (]: Writing injected SQL for node "test.medallion_dbt.not_null_fct_customer_transactions_customer_id.8253bbdb2c"
[0m20:33:40.649307 [info ] [Thread-2 (]: 8 of 16 START test not_null_fct_customer_transactions_total_amount_completed ... [RUN]
[0m20:33:40.655260 [debug] [Thread-4 (]: Writing injected SQL for node "test.medallion_dbt.not_null_fct_customer_transactions_total_amount_all.0a661a703f"
[0m20:33:40.656395 [debug] [Thread-1 (]: SQL status: OK in 0.020 seconds
[0m20:33:40.657248 [debug] [Thread-2 (]: Re-using an available connection from the pool (formerly test.medallion_dbt.non_negative_fct_customer_transactions_total_amount_all.1032e62a89, now test.medallion_dbt.not_null_fct_customer_transactions_total_amount_completed.989f790418)
[0m20:33:40.658503 [debug] [Thread-1 (]: Using duckdb connection "test.medallion_dbt.non_negative_stg_transactions_amount.cc30daf733"
[0m20:33:40.658971 [debug] [Thread-3 (]: Began executing node test.medallion_dbt.not_null_fct_customer_transactions_customer_id.8253bbdb2c
[0m20:33:40.659648 [debug] [Thread-4 (]: Began executing node test.medallion_dbt.not_null_fct_customer_transactions_total_amount_all.0a661a703f
[0m20:33:40.660277 [debug] [Thread-2 (]: Began compiling node test.medallion_dbt.not_null_fct_customer_transactions_total_amount_completed.989f790418
[0m20:33:40.660843 [debug] [Thread-1 (]: On test.medallion_dbt.non_negative_stg_transactions_amount.cc30daf733: /* {"app": "dbt", "dbt_version": "1.8.0", "profile_name": "medallion_duckdb", "target_name": "dev", "node_id": "test.medallion_dbt.non_negative_stg_transactions_amount.cc30daf733"} */
select
      count(*) as failures,
      count(*) != 0 as should_warn,
      count(*) != 0 as should_error
    from (
      

-- TODO: Implementar el test para verificar que los valores en la columna son no negativos y no nulos.

select
    amount
from "medallion"."main"."stg_transactions"
where amount < 0 or amount is null


      
    ) dbt_internal_test
[0m20:33:40.663515 [debug] [Thread-3 (]: Writing runtime sql for node "test.medallion_dbt.not_null_fct_customer_transactions_customer_id.8253bbdb2c"
[0m20:33:40.666045 [debug] [Thread-4 (]: Writing runtime sql for node "test.medallion_dbt.not_null_fct_customer_transactions_total_amount_all.0a661a703f"
[0m20:33:40.670425 [debug] [Thread-2 (]: Writing injected SQL for node "test.medallion_dbt.not_null_fct_customer_transactions_total_amount_completed.989f790418"
[0m20:33:40.672004 [debug] [Thread-3 (]: Using duckdb connection "test.medallion_dbt.not_null_fct_customer_transactions_customer_id.8253bbdb2c"
[0m20:33:40.672710 [debug] [Thread-3 (]: On test.medallion_dbt.not_null_fct_customer_transactions_customer_id.8253bbdb2c: BEGIN
[0m20:33:40.673418 [debug] [Thread-3 (]: Opening a new connection, currently in state closed
[0m20:33:40.674737 [debug] [Thread-4 (]: Using duckdb connection "test.medallion_dbt.not_null_fct_customer_transactions_total_amount_all.0a661a703f"
[0m20:33:40.675414 [debug] [Thread-1 (]: SQL status: OK in 0.004 seconds
[0m20:33:40.675984 [debug] [Thread-4 (]: On test.medallion_dbt.not_null_fct_customer_transactions_total_amount_all.0a661a703f: BEGIN
[0m20:33:40.676571 [debug] [Thread-2 (]: Began executing node test.medallion_dbt.not_null_fct_customer_transactions_total_amount_completed.989f790418
[0m20:33:40.678426 [debug] [Thread-1 (]: On test.medallion_dbt.non_negative_stg_transactions_amount.cc30daf733: ROLLBACK
[0m20:33:40.678990 [debug] [Thread-4 (]: Opening a new connection, currently in state closed
[0m20:33:40.679508 [debug] [Thread-3 (]: SQL status: OK in 0.006 seconds
[0m20:33:40.682218 [debug] [Thread-2 (]: Writing runtime sql for node "test.medallion_dbt.not_null_fct_customer_transactions_total_amount_completed.989f790418"
[0m20:33:40.682915 [debug] [Thread-1 (]: Failed to rollback 'test.medallion_dbt.non_negative_stg_transactions_amount.cc30daf733'
[0m20:33:40.683768 [debug] [Thread-3 (]: Using duckdb connection "test.medallion_dbt.not_null_fct_customer_transactions_customer_id.8253bbdb2c"
[0m20:33:40.684368 [debug] [Thread-4 (]: SQL status: OK in 0.005 seconds
[0m20:33:40.685144 [debug] [Thread-1 (]: On test.medallion_dbt.non_negative_stg_transactions_amount.cc30daf733: Close
[0m20:33:40.685820 [debug] [Thread-2 (]: Using duckdb connection "test.medallion_dbt.not_null_fct_customer_transactions_total_amount_completed.989f790418"
[0m20:33:40.686391 [debug] [Thread-3 (]: On test.medallion_dbt.not_null_fct_customer_transactions_customer_id.8253bbdb2c: /* {"app": "dbt", "dbt_version": "1.8.0", "profile_name": "medallion_duckdb", "target_name": "dev", "node_id": "test.medallion_dbt.not_null_fct_customer_transactions_customer_id.8253bbdb2c"} */
select
      count(*) as failures,
      count(*) != 0 as should_warn,
      count(*) != 0 as should_error
    from (
      
    
    



select customer_id
from "medallion"."main"."fct_customer_transactions"
where customer_id is null



      
    ) dbt_internal_test
[0m20:33:40.686944 [debug] [Thread-4 (]: Using duckdb connection "test.medallion_dbt.not_null_fct_customer_transactions_total_amount_all.0a661a703f"
[0m20:33:40.687760 [info ] [Thread-1 (]: 5 of 16 PASS non_negative_stg_transactions_amount .............................. [[32mPASS[0m in 0.08s]
[0m20:33:40.688360 [debug] [Thread-2 (]: On test.medallion_dbt.not_null_fct_customer_transactions_total_amount_completed.989f790418: BEGIN
[0m20:33:40.689191 [debug] [Thread-4 (]: On test.medallion_dbt.not_null_fct_customer_transactions_total_amount_all.0a661a703f: /* {"app": "dbt", "dbt_version": "1.8.0", "profile_name": "medallion_duckdb", "target_name": "dev", "node_id": "test.medallion_dbt.not_null_fct_customer_transactions_total_amount_all.0a661a703f"} */
select
      count(*) as failures,
      count(*) != 0 as should_warn,
      count(*) != 0 as should_error
    from (
      
    
    



select total_amount_all
from "medallion"."main"."fct_customer_transactions"
where total_amount_all is null



      
    ) dbt_internal_test
[0m20:33:40.690053 [debug] [Thread-1 (]: Finished running node test.medallion_dbt.non_negative_stg_transactions_amount.cc30daf733
[0m20:33:40.690625 [debug] [Thread-3 (]: SQL status: OK in 0.002 seconds
[0m20:33:40.691137 [debug] [Thread-2 (]: Opening a new connection, currently in state closed
[0m20:33:40.692043 [debug] [Thread-1 (]: Began running node test.medallion_dbt.not_null_fct_customer_transactions_transaction_count.7466a4c02e
[0m20:33:40.694478 [debug] [Thread-3 (]: On test.medallion_dbt.not_null_fct_customer_transactions_customer_id.8253bbdb2c: ROLLBACK
[0m20:33:40.695330 [debug] [Thread-4 (]: DuckDB adapter: Error running SQL: /* {"app": "dbt", "dbt_version": "1.8.0", "profile_name": "medallion_duckdb", "target_name": "dev", "node_id": "test.medallion_dbt.not_null_fct_customer_transactions_total_amount_all.0a661a703f"} */
select
      count(*) as failures,
      count(*) != 0 as should_warn,
      count(*) != 0 as should_error
    from (
      
    
    



select total_amount_all
from "medallion"."main"."fct_customer_transactions"
where total_amount_all is null



      
    ) dbt_internal_test
[0m20:33:40.695918 [info ] [Thread-1 (]: 9 of 16 START test not_null_fct_customer_transactions_transaction_count ........ [RUN]
[0m20:33:40.696693 [debug] [Thread-3 (]: Failed to rollback 'test.medallion_dbt.not_null_fct_customer_transactions_customer_id.8253bbdb2c'
[0m20:33:40.697239 [debug] [Thread-4 (]: DuckDB adapter: Rolling back transaction.
[0m20:33:40.697941 [debug] [Thread-1 (]: Re-using an available connection from the pool (formerly test.medallion_dbt.non_negative_stg_transactions_amount.cc30daf733, now test.medallion_dbt.not_null_fct_customer_transactions_transaction_count.7466a4c02e)
[0m20:33:40.698542 [debug] [Thread-3 (]: On test.medallion_dbt.not_null_fct_customer_transactions_customer_id.8253bbdb2c: Close
[0m20:33:40.699032 [debug] [Thread-2 (]: SQL status: OK in 0.008 seconds
[0m20:33:40.699673 [debug] [Thread-4 (]: On test.medallion_dbt.not_null_fct_customer_transactions_total_amount_all.0a661a703f: ROLLBACK
[0m20:33:40.700195 [debug] [Thread-1 (]: Began compiling node test.medallion_dbt.not_null_fct_customer_transactions_transaction_count.7466a4c02e
[0m20:33:40.700962 [info ] [Thread-3 (]: 6 of 16 PASS not_null_fct_customer_transactions_customer_id .................... [[32mPASS[0m in 0.06s]
[0m20:33:40.701565 [debug] [Thread-2 (]: Using duckdb connection "test.medallion_dbt.not_null_fct_customer_transactions_total_amount_completed.989f790418"
[0m20:33:40.702662 [debug] [Thread-4 (]: Failed to rollback 'test.medallion_dbt.not_null_fct_customer_transactions_total_amount_all.0a661a703f'
[0m20:33:40.707187 [debug] [Thread-1 (]: Writing injected SQL for node "test.medallion_dbt.not_null_fct_customer_transactions_transaction_count.7466a4c02e"
[0m20:33:40.708010 [debug] [Thread-3 (]: Finished running node test.medallion_dbt.not_null_fct_customer_transactions_customer_id.8253bbdb2c
[0m20:33:40.708578 [debug] [Thread-2 (]: On test.medallion_dbt.not_null_fct_customer_transactions_total_amount_completed.989f790418: /* {"app": "dbt", "dbt_version": "1.8.0", "profile_name": "medallion_duckdb", "target_name": "dev", "node_id": "test.medallion_dbt.not_null_fct_customer_transactions_total_amount_completed.989f790418"} */
select
      count(*) as failures,
      count(*) != 0 as should_warn,
      count(*) != 0 as should_error
    from (
      
    
    



select total_amount_completed
from "medallion"."main"."fct_customer_transactions"
where total_amount_completed is null



      
    ) dbt_internal_test
[0m20:33:40.709130 [debug] [Thread-4 (]: On test.medallion_dbt.not_null_fct_customer_transactions_total_amount_all.0a661a703f: Close
[0m20:33:40.709943 [debug] [Thread-3 (]: Began running node test.medallion_dbt.not_null_stg_transactions_amount.3629b5421e
[0m20:33:40.710499 [debug] [Thread-1 (]: Began executing node test.medallion_dbt.not_null_fct_customer_transactions_transaction_count.7466a4c02e
[0m20:33:40.712075 [info ] [Thread-3 (]: 10 of 16 START test not_null_stg_transactions_amount ........................... [RUN]
[0m20:33:40.712766 [debug] [Thread-2 (]: DuckDB adapter: Error running SQL: /* {"app": "dbt", "dbt_version": "1.8.0", "profile_name": "medallion_duckdb", "target_name": "dev", "node_id": "test.medallion_dbt.not_null_fct_customer_transactions_total_amount_completed.989f790418"} */
select
      count(*) as failures,
      count(*) != 0 as should_warn,
      count(*) != 0 as should_error
    from (
      
    
    



select total_amount_completed
from "medallion"."main"."fct_customer_transactions"
where total_amount_completed is null



      
    ) dbt_internal_test
[0m20:33:40.716803 [debug] [Thread-1 (]: Writing runtime sql for node "test.medallion_dbt.not_null_fct_customer_transactions_transaction_count.7466a4c02e"
[0m20:33:40.717808 [debug] [Thread-4 (]: Runtime Error in test not_null_fct_customer_transactions_total_amount_all (models/marts/schema.yml)
  Binder Error: Referenced column "total_amount_all" not found in FROM clause!
  Candidate bindings: "total_amount", "total_transactions", "avg_amount", "last_transaction_date", "first_transaction_date"
  
  LINE 15: where total_amount_all is null
                 ^
[0m20:33:40.718561 [debug] [Thread-3 (]: Re-using an available connection from the pool (formerly test.medallion_dbt.not_null_fct_customer_transactions_customer_id.8253bbdb2c, now test.medallion_dbt.not_null_stg_transactions_amount.3629b5421e)
[0m20:33:40.719170 [debug] [Thread-2 (]: DuckDB adapter: Rolling back transaction.
[0m20:33:40.720023 [error] [Thread-4 (]: 7 of 16 ERROR not_null_fct_customer_transactions_total_amount_all .............. [[31mERROR[0m in 0.08s]
[0m20:33:40.720704 [debug] [Thread-3 (]: Began compiling node test.medallion_dbt.not_null_stg_transactions_amount.3629b5421e
[0m20:33:40.721539 [debug] [Thread-2 (]: On test.medallion_dbt.not_null_fct_customer_transactions_total_amount_completed.989f790418: ROLLBACK
[0m20:33:40.722040 [debug] [Thread-1 (]: Using duckdb connection "test.medallion_dbt.not_null_fct_customer_transactions_transaction_count.7466a4c02e"
[0m20:33:40.722826 [debug] [Thread-4 (]: Finished running node test.medallion_dbt.not_null_fct_customer_transactions_total_amount_all.0a661a703f
[0m20:33:40.727090 [debug] [Thread-3 (]: Writing injected SQL for node "test.medallion_dbt.not_null_stg_transactions_amount.3629b5421e"
[0m20:33:40.728257 [debug] [Thread-2 (]: Failed to rollback 'test.medallion_dbt.not_null_fct_customer_transactions_total_amount_completed.989f790418'
[0m20:33:40.728807 [debug] [Thread-1 (]: On test.medallion_dbt.not_null_fct_customer_transactions_transaction_count.7466a4c02e: BEGIN
[0m20:33:40.729472 [debug] [Thread-4 (]: Began running node test.medallion_dbt.not_null_stg_transactions_customer_id.ea7b0d99bf
[0m20:33:40.730806 [debug] [Thread-2 (]: On test.medallion_dbt.not_null_fct_customer_transactions_total_amount_completed.989f790418: Close
[0m20:33:40.731421 [debug] [Thread-3 (]: Began executing node test.medallion_dbt.not_null_stg_transactions_amount.3629b5421e
[0m20:33:40.732052 [debug] [Thread-1 (]: Opening a new connection, currently in state closed
[0m20:33:40.732820 [info ] [Thread-4 (]: 11 of 16 START test not_null_stg_transactions_customer_id ...................... [RUN]
[0m20:33:40.736050 [debug] [Thread-3 (]: Writing runtime sql for node "test.medallion_dbt.not_null_stg_transactions_amount.3629b5421e"
[0m20:33:40.737077 [debug] [Thread-4 (]: Re-using an available connection from the pool (formerly test.medallion_dbt.not_null_fct_customer_transactions_total_amount_all.0a661a703f, now test.medallion_dbt.not_null_stg_transactions_customer_id.ea7b0d99bf)
[0m20:33:40.737871 [debug] [Thread-4 (]: Began compiling node test.medallion_dbt.not_null_stg_transactions_customer_id.ea7b0d99bf
[0m20:33:40.742762 [debug] [Thread-4 (]: Writing injected SQL for node "test.medallion_dbt.not_null_stg_transactions_customer_id.ea7b0d99bf"
[0m20:33:40.744685 [debug] [Thread-4 (]: Began executing node test.medallion_dbt.not_null_stg_transactions_customer_id.ea7b0d99bf
[0m20:33:40.745848 [debug] [Thread-2 (]: Runtime Error in test not_null_fct_customer_transactions_total_amount_completed (models/marts/schema.yml)
  Binder Error: Referenced column "total_amount_completed" not found in FROM clause!
  Candidate bindings: "total_amount", "total_transactions", "last_transaction_date", "first_transaction_date", "avg_amount"
  
  LINE 15: where total_amount_completed is null
                 ^
[0m20:33:40.748469 [debug] [Thread-4 (]: Writing runtime sql for node "test.medallion_dbt.not_null_stg_transactions_customer_id.ea7b0d99bf"
[0m20:33:40.749278 [debug] [Thread-3 (]: Using duckdb connection "test.medallion_dbt.not_null_stg_transactions_amount.3629b5421e"
[0m20:33:40.750009 [error] [Thread-2 (]: 8 of 16 ERROR not_null_fct_customer_transactions_total_amount_completed ........ [[31mERROR[0m in 0.09s]
[0m20:33:40.751070 [debug] [Thread-3 (]: On test.medallion_dbt.not_null_stg_transactions_amount.3629b5421e: BEGIN
[0m20:33:40.752024 [debug] [Thread-2 (]: Finished running node test.medallion_dbt.not_null_fct_customer_transactions_total_amount_completed.989f790418
[0m20:33:40.752563 [debug] [Thread-4 (]: Using duckdb connection "test.medallion_dbt.not_null_stg_transactions_customer_id.ea7b0d99bf"
[0m20:33:40.753147 [debug] [Thread-3 (]: Opening a new connection, currently in state closed
[0m20:33:40.753933 [debug] [Thread-2 (]: Began running node test.medallion_dbt.not_null_stg_transactions_status.c7c2fec875
[0m20:33:40.754728 [debug] [Thread-4 (]: On test.medallion_dbt.not_null_stg_transactions_customer_id.ea7b0d99bf: BEGIN
[0m20:33:40.755630 [info ] [Thread-2 (]: 12 of 16 START test not_null_stg_transactions_status ........................... [RUN]
[0m20:33:40.756311 [debug] [Thread-4 (]: Opening a new connection, currently in state closed
[0m20:33:40.757065 [debug] [Thread-2 (]: Re-using an available connection from the pool (formerly test.medallion_dbt.not_null_fct_customer_transactions_total_amount_completed.989f790418, now test.medallion_dbt.not_null_stg_transactions_status.c7c2fec875)
[0m20:33:40.757737 [debug] [Thread-2 (]: Began compiling node test.medallion_dbt.not_null_stg_transactions_status.c7c2fec875
[0m20:33:40.762413 [debug] [Thread-2 (]: Writing injected SQL for node "test.medallion_dbt.not_null_stg_transactions_status.c7c2fec875"
[0m20:33:40.764434 [debug] [Thread-1 (]: SQL status: OK in 0.032 seconds
[0m20:33:40.765547 [debug] [Thread-1 (]: Using duckdb connection "test.medallion_dbt.not_null_fct_customer_transactions_transaction_count.7466a4c02e"
[0m20:33:40.766080 [debug] [Thread-1 (]: On test.medallion_dbt.not_null_fct_customer_transactions_transaction_count.7466a4c02e: /* {"app": "dbt", "dbt_version": "1.8.0", "profile_name": "medallion_duckdb", "target_name": "dev", "node_id": "test.medallion_dbt.not_null_fct_customer_transactions_transaction_count.7466a4c02e"} */
select
      count(*) as failures,
      count(*) != 0 as should_warn,
      count(*) != 0 as should_error
    from (
      
    
    



select transaction_count
from "medallion"."main"."fct_customer_transactions"
where transaction_count is null



      
    ) dbt_internal_test
[0m20:33:40.767083 [debug] [Thread-4 (]: SQL status: OK in 0.011 seconds
[0m20:33:40.767709 [debug] [Thread-2 (]: Began executing node test.medallion_dbt.not_null_stg_transactions_status.c7c2fec875
[0m20:33:40.768164 [debug] [Thread-3 (]: SQL status: OK in 0.015 seconds
[0m20:33:40.768735 [debug] [Thread-4 (]: Using duckdb connection "test.medallion_dbt.not_null_stg_transactions_customer_id.ea7b0d99bf"
[0m20:33:40.769277 [debug] [Thread-1 (]: DuckDB adapter: Error running SQL: /* {"app": "dbt", "dbt_version": "1.8.0", "profile_name": "medallion_duckdb", "target_name": "dev", "node_id": "test.medallion_dbt.not_null_fct_customer_transactions_transaction_count.7466a4c02e"} */
select
      count(*) as failures,
      count(*) != 0 as should_warn,
      count(*) != 0 as should_error
    from (
      
    
    



select transaction_count
from "medallion"."main"."fct_customer_transactions"
where transaction_count is null



      
    ) dbt_internal_test
[0m20:33:40.772029 [debug] [Thread-2 (]: Writing runtime sql for node "test.medallion_dbt.not_null_stg_transactions_status.c7c2fec875"
[0m20:33:40.772605 [debug] [Thread-3 (]: Using duckdb connection "test.medallion_dbt.not_null_stg_transactions_amount.3629b5421e"
[0m20:33:40.773143 [debug] [Thread-4 (]: On test.medallion_dbt.not_null_stg_transactions_customer_id.ea7b0d99bf: /* {"app": "dbt", "dbt_version": "1.8.0", "profile_name": "medallion_duckdb", "target_name": "dev", "node_id": "test.medallion_dbt.not_null_stg_transactions_customer_id.ea7b0d99bf"} */
select
      count(*) as failures,
      count(*) != 0 as should_warn,
      count(*) != 0 as should_error
    from (
      
    
    



select customer_id
from "medallion"."main"."stg_transactions"
where customer_id is null



      
    ) dbt_internal_test
[0m20:33:40.773682 [debug] [Thread-1 (]: DuckDB adapter: Rolling back transaction.
[0m20:33:40.774452 [debug] [Thread-3 (]: On test.medallion_dbt.not_null_stg_transactions_amount.3629b5421e: /* {"app": "dbt", "dbt_version": "1.8.0", "profile_name": "medallion_duckdb", "target_name": "dev", "node_id": "test.medallion_dbt.not_null_stg_transactions_amount.3629b5421e"} */
select
      count(*) as failures,
      count(*) != 0 as should_warn,
      count(*) != 0 as should_error
    from (
      
    
    



select amount
from "medallion"."main"."stg_transactions"
where amount is null



      
    ) dbt_internal_test
[0m20:33:40.775103 [debug] [Thread-2 (]: Using duckdb connection "test.medallion_dbt.not_null_stg_transactions_status.c7c2fec875"
[0m20:33:40.776075 [debug] [Thread-1 (]: On test.medallion_dbt.not_null_fct_customer_transactions_transaction_count.7466a4c02e: ROLLBACK
[0m20:33:40.777064 [debug] [Thread-2 (]: On test.medallion_dbt.not_null_stg_transactions_status.c7c2fec875: BEGIN
[0m20:33:40.778267 [debug] [Thread-4 (]: SQL status: OK in 0.003 seconds
[0m20:33:40.779337 [debug] [Thread-2 (]: Opening a new connection, currently in state closed
[0m20:33:40.780095 [debug] [Thread-3 (]: SQL status: OK in 0.003 seconds
[0m20:33:40.781167 [debug] [Thread-1 (]: Failed to rollback 'test.medallion_dbt.not_null_fct_customer_transactions_transaction_count.7466a4c02e'
[0m20:33:40.782804 [debug] [Thread-4 (]: On test.medallion_dbt.not_null_stg_transactions_customer_id.ea7b0d99bf: ROLLBACK
[0m20:33:40.785039 [debug] [Thread-3 (]: On test.medallion_dbt.not_null_stg_transactions_amount.3629b5421e: ROLLBACK
[0m20:33:40.785707 [debug] [Thread-1 (]: On test.medallion_dbt.not_null_fct_customer_transactions_transaction_count.7466a4c02e: Close
[0m20:33:40.786515 [debug] [Thread-2 (]: SQL status: OK in 0.007 seconds
[0m20:33:40.787239 [debug] [Thread-3 (]: Failed to rollback 'test.medallion_dbt.not_null_stg_transactions_amount.3629b5421e'
[0m20:33:40.787967 [debug] [Thread-4 (]: Failed to rollback 'test.medallion_dbt.not_null_stg_transactions_customer_id.ea7b0d99bf'
[0m20:33:40.788518 [debug] [Thread-2 (]: Using duckdb connection "test.medallion_dbt.not_null_stg_transactions_status.c7c2fec875"
[0m20:33:40.789614 [debug] [Thread-1 (]: Runtime Error in test not_null_fct_customer_transactions_transaction_count (models/marts/schema.yml)
  Binder Error: Referenced column "transaction_count" not found in FROM clause!
  Candidate bindings: "total_transactions", "completed_transactions", "pending_transactions", "total_amount", "last_transaction_date"
  
  LINE 15: where transaction_count is null
                 ^
[0m20:33:40.790189 [debug] [Thread-3 (]: On test.medallion_dbt.not_null_stg_transactions_amount.3629b5421e: Close
[0m20:33:40.790730 [debug] [Thread-4 (]: On test.medallion_dbt.not_null_stg_transactions_customer_id.ea7b0d99bf: Close
[0m20:33:40.791262 [debug] [Thread-2 (]: On test.medallion_dbt.not_null_stg_transactions_status.c7c2fec875: /* {"app": "dbt", "dbt_version": "1.8.0", "profile_name": "medallion_duckdb", "target_name": "dev", "node_id": "test.medallion_dbt.not_null_stg_transactions_status.c7c2fec875"} */
select
      count(*) as failures,
      count(*) != 0 as should_warn,
      count(*) != 0 as should_error
    from (
      
    
    



select status
from "medallion"."main"."stg_transactions"
where status is null



      
    ) dbt_internal_test
[0m20:33:40.791953 [error] [Thread-1 (]: 9 of 16 ERROR not_null_fct_customer_transactions_transaction_count ............. [[31mERROR[0m in 0.09s]
[0m20:33:40.792875 [info ] [Thread-3 (]: 10 of 16 PASS not_null_stg_transactions_amount ................................. [[32mPASS[0m in 0.07s]
[0m20:33:40.793756 [info ] [Thread-4 (]: 11 of 16 PASS not_null_stg_transactions_customer_id ............................ [[32mPASS[0m in 0.06s]
[0m20:33:40.795076 [debug] [Thread-1 (]: Finished running node test.medallion_dbt.not_null_fct_customer_transactions_transaction_count.7466a4c02e
[0m20:33:40.796154 [debug] [Thread-3 (]: Finished running node test.medallion_dbt.not_null_stg_transactions_amount.3629b5421e
[0m20:33:40.796849 [debug] [Thread-2 (]: SQL status: OK in 0.002 seconds
[0m20:33:40.797574 [debug] [Thread-4 (]: Finished running node test.medallion_dbt.not_null_stg_transactions_customer_id.ea7b0d99bf
[0m20:33:40.798217 [debug] [Thread-1 (]: Began running node test.medallion_dbt.not_null_stg_transactions_transaction_date.353bde368c
[0m20:33:40.799137 [debug] [Thread-3 (]: Began running node test.medallion_dbt.not_null_stg_transactions_transaction_id.1d00a8e2e4
[0m20:33:40.800182 [debug] [Thread-4 (]: Began running node test.medallion_dbt.not_null_stg_transactions_transaction_ts.414f2f36a7
[0m20:33:40.801732 [debug] [Thread-2 (]: On test.medallion_dbt.not_null_stg_transactions_status.c7c2fec875: ROLLBACK
[0m20:33:40.802498 [info ] [Thread-1 (]: 13 of 16 START test not_null_stg_transactions_transaction_date ................. [RUN]
[0m20:33:40.803130 [info ] [Thread-3 (]: 14 of 16 START test not_null_stg_transactions_transaction_id ................... [RUN]
[0m20:33:40.803795 [info ] [Thread-4 (]: 15 of 16 START test not_null_stg_transactions_transaction_ts ................... [RUN]
[0m20:33:40.804475 [debug] [Thread-2 (]: Failed to rollback 'test.medallion_dbt.not_null_stg_transactions_status.c7c2fec875'
[0m20:33:40.805157 [debug] [Thread-1 (]: Re-using an available connection from the pool (formerly test.medallion_dbt.not_null_fct_customer_transactions_transaction_count.7466a4c02e, now test.medallion_dbt.not_null_stg_transactions_transaction_date.353bde368c)
[0m20:33:40.805762 [debug] [Thread-3 (]: Re-using an available connection from the pool (formerly test.medallion_dbt.not_null_stg_transactions_amount.3629b5421e, now test.medallion_dbt.not_null_stg_transactions_transaction_id.1d00a8e2e4)
[0m20:33:40.806416 [debug] [Thread-4 (]: Re-using an available connection from the pool (formerly test.medallion_dbt.not_null_stg_transactions_customer_id.ea7b0d99bf, now test.medallion_dbt.not_null_stg_transactions_transaction_ts.414f2f36a7)
[0m20:33:40.806949 [debug] [Thread-2 (]: On test.medallion_dbt.not_null_stg_transactions_status.c7c2fec875: Close
[0m20:33:40.807473 [debug] [Thread-1 (]: Began compiling node test.medallion_dbt.not_null_stg_transactions_transaction_date.353bde368c
[0m20:33:40.807960 [debug] [Thread-3 (]: Began compiling node test.medallion_dbt.not_null_stg_transactions_transaction_id.1d00a8e2e4
[0m20:33:40.808460 [debug] [Thread-4 (]: Began compiling node test.medallion_dbt.not_null_stg_transactions_transaction_ts.414f2f36a7
[0m20:33:40.814919 [debug] [Thread-1 (]: Writing injected SQL for node "test.medallion_dbt.not_null_stg_transactions_transaction_date.353bde368c"
[0m20:33:40.819869 [debug] [Thread-3 (]: Writing injected SQL for node "test.medallion_dbt.not_null_stg_transactions_transaction_id.1d00a8e2e4"
[0m20:33:40.820750 [info ] [Thread-2 (]: 12 of 16 PASS not_null_stg_transactions_status ................................. [[32mPASS[0m in 0.06s]
[0m20:33:40.825038 [debug] [Thread-4 (]: Writing injected SQL for node "test.medallion_dbt.not_null_stg_transactions_transaction_ts.414f2f36a7"
[0m20:33:40.826336 [debug] [Thread-3 (]: Began executing node test.medallion_dbt.not_null_stg_transactions_transaction_id.1d00a8e2e4
[0m20:33:40.827062 [debug] [Thread-2 (]: Finished running node test.medallion_dbt.not_null_stg_transactions_status.c7c2fec875
[0m20:33:40.827825 [debug] [Thread-1 (]: Began executing node test.medallion_dbt.not_null_stg_transactions_transaction_date.353bde368c
[0m20:33:40.830660 [debug] [Thread-3 (]: Writing runtime sql for node "test.medallion_dbt.not_null_stg_transactions_transaction_id.1d00a8e2e4"
[0m20:33:40.831295 [debug] [Thread-4 (]: Began executing node test.medallion_dbt.not_null_stg_transactions_transaction_ts.414f2f36a7
[0m20:33:40.831943 [debug] [Thread-2 (]: Began running node test.medallion_dbt.unique_stg_transactions_transaction_id.ee9a78a396
[0m20:33:40.834751 [debug] [Thread-1 (]: Writing runtime sql for node "test.medallion_dbt.not_null_stg_transactions_transaction_date.353bde368c"
[0m20:33:40.837675 [debug] [Thread-4 (]: Writing runtime sql for node "test.medallion_dbt.not_null_stg_transactions_transaction_ts.414f2f36a7"
[0m20:33:40.838338 [debug] [Thread-3 (]: Using duckdb connection "test.medallion_dbt.not_null_stg_transactions_transaction_id.1d00a8e2e4"
[0m20:33:40.838914 [info ] [Thread-2 (]: 16 of 16 START test unique_stg_transactions_transaction_id ..................... [RUN]
[0m20:33:40.839849 [debug] [Thread-3 (]: On test.medallion_dbt.not_null_stg_transactions_transaction_id.1d00a8e2e4: BEGIN
[0m20:33:40.840478 [debug] [Thread-4 (]: Using duckdb connection "test.medallion_dbt.not_null_stg_transactions_transaction_ts.414f2f36a7"
[0m20:33:40.841240 [debug] [Thread-2 (]: Re-using an available connection from the pool (formerly test.medallion_dbt.not_null_stg_transactions_status.c7c2fec875, now test.medallion_dbt.unique_stg_transactions_transaction_id.ee9a78a396)
[0m20:33:40.841775 [debug] [Thread-3 (]: Opening a new connection, currently in state closed
[0m20:33:40.842358 [debug] [Thread-1 (]: Using duckdb connection "test.medallion_dbt.not_null_stg_transactions_transaction_date.353bde368c"
[0m20:33:40.842883 [debug] [Thread-4 (]: On test.medallion_dbt.not_null_stg_transactions_transaction_ts.414f2f36a7: BEGIN
[0m20:33:40.843431 [debug] [Thread-2 (]: Began compiling node test.medallion_dbt.unique_stg_transactions_transaction_id.ee9a78a396
[0m20:33:40.844181 [debug] [Thread-1 (]: On test.medallion_dbt.not_null_stg_transactions_transaction_date.353bde368c: BEGIN
[0m20:33:40.844700 [debug] [Thread-4 (]: Opening a new connection, currently in state closed
[0m20:33:40.852620 [debug] [Thread-2 (]: Writing injected SQL for node "test.medallion_dbt.unique_stg_transactions_transaction_id.ee9a78a396"
[0m20:33:40.853226 [debug] [Thread-1 (]: Opening a new connection, currently in state closed
[0m20:33:40.854288 [debug] [Thread-2 (]: Began executing node test.medallion_dbt.unique_stg_transactions_transaction_id.ee9a78a396
[0m20:33:40.858204 [debug] [Thread-2 (]: Writing runtime sql for node "test.medallion_dbt.unique_stg_transactions_transaction_id.ee9a78a396"
[0m20:33:40.860282 [debug] [Thread-2 (]: Using duckdb connection "test.medallion_dbt.unique_stg_transactions_transaction_id.ee9a78a396"
[0m20:33:40.860973 [debug] [Thread-2 (]: On test.medallion_dbt.unique_stg_transactions_transaction_id.ee9a78a396: BEGIN
[0m20:33:40.861476 [debug] [Thread-3 (]: SQL status: OK in 0.020 seconds
[0m20:33:40.862010 [debug] [Thread-2 (]: Opening a new connection, currently in state closed
[0m20:33:40.862496 [debug] [Thread-4 (]: SQL status: OK in 0.018 seconds
[0m20:33:40.863050 [debug] [Thread-1 (]: SQL status: OK in 0.010 seconds
[0m20:33:40.863574 [debug] [Thread-3 (]: Using duckdb connection "test.medallion_dbt.not_null_stg_transactions_transaction_id.1d00a8e2e4"
[0m20:33:40.864447 [debug] [Thread-4 (]: Using duckdb connection "test.medallion_dbt.not_null_stg_transactions_transaction_ts.414f2f36a7"
[0m20:33:40.865031 [debug] [Thread-2 (]: SQL status: OK in 0.003 seconds
[0m20:33:40.865567 [debug] [Thread-1 (]: Using duckdb connection "test.medallion_dbt.not_null_stg_transactions_transaction_date.353bde368c"
[0m20:33:40.866087 [debug] [Thread-3 (]: On test.medallion_dbt.not_null_stg_transactions_transaction_id.1d00a8e2e4: /* {"app": "dbt", "dbt_version": "1.8.0", "profile_name": "medallion_duckdb", "target_name": "dev", "node_id": "test.medallion_dbt.not_null_stg_transactions_transaction_id.1d00a8e2e4"} */
select
      count(*) as failures,
      count(*) != 0 as should_warn,
      count(*) != 0 as should_error
    from (
      
    
    



select transaction_id
from "medallion"."main"."stg_transactions"
where transaction_id is null



      
    ) dbt_internal_test
[0m20:33:40.866752 [debug] [Thread-4 (]: On test.medallion_dbt.not_null_stg_transactions_transaction_ts.414f2f36a7: /* {"app": "dbt", "dbt_version": "1.8.0", "profile_name": "medallion_duckdb", "target_name": "dev", "node_id": "test.medallion_dbt.not_null_stg_transactions_transaction_ts.414f2f36a7"} */
select
      count(*) as failures,
      count(*) != 0 as should_warn,
      count(*) != 0 as should_error
    from (
      
    
    



select transaction_ts
from "medallion"."main"."stg_transactions"
where transaction_ts is null



      
    ) dbt_internal_test
[0m20:33:40.867290 [debug] [Thread-2 (]: Using duckdb connection "test.medallion_dbt.unique_stg_transactions_transaction_id.ee9a78a396"
[0m20:33:40.867838 [debug] [Thread-1 (]: On test.medallion_dbt.not_null_stg_transactions_transaction_date.353bde368c: /* {"app": "dbt", "dbt_version": "1.8.0", "profile_name": "medallion_duckdb", "target_name": "dev", "node_id": "test.medallion_dbt.not_null_stg_transactions_transaction_date.353bde368c"} */
select
      count(*) as failures,
      count(*) != 0 as should_warn,
      count(*) != 0 as should_error
    from (
      
    
    



select transaction_date
from "medallion"."main"."stg_transactions"
where transaction_date is null



      
    ) dbt_internal_test
[0m20:33:40.868939 [debug] [Thread-2 (]: On test.medallion_dbt.unique_stg_transactions_transaction_id.ee9a78a396: /* {"app": "dbt", "dbt_version": "1.8.0", "profile_name": "medallion_duckdb", "target_name": "dev", "node_id": "test.medallion_dbt.unique_stg_transactions_transaction_id.ee9a78a396"} */
select
      count(*) as failures,
      count(*) != 0 as should_warn,
      count(*) != 0 as should_error
    from (
      
    
    

select
    transaction_id as unique_field,
    count(*) as n_records

from "medallion"."main"."stg_transactions"
where transaction_id is not null
group by transaction_id
having count(*) > 1



      
    ) dbt_internal_test
[0m20:33:40.870481 [debug] [Thread-3 (]: SQL status: OK in 0.002 seconds
[0m20:33:40.872069 [debug] [Thread-1 (]: SQL status: OK in 0.002 seconds
[0m20:33:40.874710 [debug] [Thread-3 (]: On test.medallion_dbt.not_null_stg_transactions_transaction_id.1d00a8e2e4: ROLLBACK
[0m20:33:40.875563 [debug] [Thread-2 (]: SQL status: OK in 0.005 seconds
[0m20:33:40.876043 [debug] [Thread-4 (]: SQL status: OK in 0.007 seconds
[0m20:33:40.877491 [debug] [Thread-1 (]: On test.medallion_dbt.not_null_stg_transactions_transaction_date.353bde368c: ROLLBACK
[0m20:33:40.878055 [debug] [Thread-3 (]: Failed to rollback 'test.medallion_dbt.not_null_stg_transactions_transaction_id.1d00a8e2e4'
[0m20:33:40.879994 [debug] [Thread-2 (]: On test.medallion_dbt.unique_stg_transactions_transaction_id.ee9a78a396: ROLLBACK
[0m20:33:40.880715 [debug] [Thread-1 (]: Failed to rollback 'test.medallion_dbt.not_null_stg_transactions_transaction_date.353bde368c'
[0m20:33:40.881259 [debug] [Thread-3 (]: On test.medallion_dbt.not_null_stg_transactions_transaction_id.1d00a8e2e4: Close
[0m20:33:40.882775 [debug] [Thread-4 (]: On test.medallion_dbt.not_null_stg_transactions_transaction_ts.414f2f36a7: ROLLBACK
[0m20:33:40.883379 [debug] [Thread-2 (]: Failed to rollback 'test.medallion_dbt.unique_stg_transactions_transaction_id.ee9a78a396'
[0m20:33:40.883912 [debug] [Thread-1 (]: On test.medallion_dbt.not_null_stg_transactions_transaction_date.353bde368c: Close
[0m20:33:40.884725 [info ] [Thread-3 (]: 14 of 16 PASS not_null_stg_transactions_transaction_id ......................... [[32mPASS[0m in 0.08s]
[0m20:33:40.885411 [debug] [Thread-4 (]: Failed to rollback 'test.medallion_dbt.not_null_stg_transactions_transaction_ts.414f2f36a7'
[0m20:33:40.885925 [debug] [Thread-2 (]: On test.medallion_dbt.unique_stg_transactions_transaction_id.ee9a78a396: Close
[0m20:33:40.886881 [debug] [Thread-3 (]: Finished running node test.medallion_dbt.not_null_stg_transactions_transaction_id.1d00a8e2e4
[0m20:33:40.887701 [info ] [Thread-1 (]: 13 of 16 PASS not_null_stg_transactions_transaction_date ....................... [[32mPASS[0m in 0.08s]
[0m20:33:40.888556 [debug] [Thread-4 (]: On test.medallion_dbt.not_null_stg_transactions_transaction_ts.414f2f36a7: Close
[0m20:33:40.889801 [info ] [Thread-2 (]: 16 of 16 PASS unique_stg_transactions_transaction_id ........................... [[32mPASS[0m in 0.05s]
[0m20:33:40.891535 [debug] [Thread-1 (]: Finished running node test.medallion_dbt.not_null_stg_transactions_transaction_date.353bde368c
[0m20:33:40.892423 [debug] [Thread-2 (]: Finished running node test.medallion_dbt.unique_stg_transactions_transaction_id.ee9a78a396
[0m20:33:40.895201 [info ] [Thread-4 (]: 15 of 16 PASS not_null_stg_transactions_transaction_ts ......................... [[32mPASS[0m in 0.09s]
[0m20:33:40.895983 [debug] [Thread-4 (]: Finished running node test.medallion_dbt.not_null_stg_transactions_transaction_ts.414f2f36a7
[0m20:33:40.898457 [debug] [MainThread]: Using duckdb connection "master"
[0m20:33:40.898911 [debug] [MainThread]: On master: BEGIN
[0m20:33:40.899234 [debug] [MainThread]: Opening a new connection, currently in state closed
[0m20:33:40.912395 [debug] [MainThread]: SQL status: OK in 0.013 seconds
[0m20:33:40.912913 [debug] [MainThread]: On master: COMMIT
[0m20:33:40.913334 [debug] [MainThread]: Using duckdb connection "master"
[0m20:33:40.913659 [debug] [MainThread]: On master: COMMIT
[0m20:33:40.914498 [debug] [MainThread]: SQL status: OK in 0.000 seconds
[0m20:33:40.914908 [debug] [MainThread]: On master: Close
[0m20:33:40.917592 [debug] [MainThread]: Connection 'master' was properly closed.
[0m20:33:40.918112 [debug] [MainThread]: Connection 'list_medallion_main' was properly closed.
[0m20:33:40.918534 [debug] [MainThread]: Connection 'test.medallion_dbt.not_null_stg_transactions_transaction_date.353bde368c' was properly closed.
[0m20:33:40.918837 [debug] [MainThread]: Connection 'test.medallion_dbt.unique_stg_transactions_transaction_id.ee9a78a396' was properly closed.
[0m20:33:40.919156 [debug] [MainThread]: Connection 'test.medallion_dbt.not_null_stg_transactions_transaction_id.1d00a8e2e4' was properly closed.
[0m20:33:40.919469 [debug] [MainThread]: Connection 'test.medallion_dbt.not_null_stg_transactions_transaction_ts.414f2f36a7' was properly closed.
[0m20:33:40.919955 [info ] [MainThread]: 
[0m20:33:40.920415 [info ] [MainThread]: Finished running 16 data tests in 0 hours 0 minutes and 0.63 seconds (0.63s).
[0m20:33:40.923719 [debug] [MainThread]: Command end result
[0m20:33:40.956807 [info ] [MainThread]: 
[0m20:33:40.957502 [info ] [MainThread]: [31mCompleted with 6 errors and 0 warnings:[0m
[0m20:33:40.957933 [info ] [MainThread]: 
[0m20:33:40.958488 [error] [MainThread]:   Runtime Error in test non_negative_fct_customer_transactions_total_amount_completed (models/marts/schema.yml)
  Binder Error: Referenced column "total_amount_completed" not found in FROM clause!
  Candidate bindings: "total_amount", "total_transactions", "last_transaction_date", "first_transaction_date", "avg_amount"
  
  LINE 14: where total_amount_completed < 0 or total_amount_completed is...
                 ^
[0m20:33:40.958886 [info ] [MainThread]: 
[0m20:33:40.959343 [error] [MainThread]:   Runtime Error in test non_negative_fct_customer_transactions_transaction_count (models/marts/schema.yml)
  Binder Error: Referenced column "transaction_count" not found in FROM clause!
  Candidate bindings: "total_transactions", "completed_transactions", "pending_transactions", "total_amount", "last_transaction_date"
  
  LINE 14: where transaction_count < 0 or transaction_count is null
                 ^
[0m20:33:40.959739 [info ] [MainThread]: 
[0m20:33:40.960213 [error] [MainThread]:   Runtime Error in test non_negative_fct_customer_transactions_total_amount_all (models/marts/schema.yml)
  Binder Error: Referenced column "total_amount_all" not found in FROM clause!
  Candidate bindings: "total_amount", "total_transactions", "avg_amount", "last_transaction_date", "first_transaction_date"
  
  LINE 14: where total_amount_all < 0 or total_amount_all is null
                 ^
[0m20:33:40.960595 [info ] [MainThread]: 
[0m20:33:40.961040 [error] [MainThread]:   Runtime Error in test not_null_fct_customer_transactions_total_amount_all (models/marts/schema.yml)
  Binder Error: Referenced column "total_amount_all" not found in FROM clause!
  Candidate bindings: "total_amount", "total_transactions", "avg_amount", "last_transaction_date", "first_transaction_date"
  
  LINE 15: where total_amount_all is null
                 ^
[0m20:33:40.961407 [info ] [MainThread]: 
[0m20:33:40.961870 [error] [MainThread]:   Runtime Error in test not_null_fct_customer_transactions_total_amount_completed (models/marts/schema.yml)
  Binder Error: Referenced column "total_amount_completed" not found in FROM clause!
  Candidate bindings: "total_amount", "total_transactions", "last_transaction_date", "first_transaction_date", "avg_amount"
  
  LINE 15: where total_amount_completed is null
                 ^
[0m20:33:40.962263 [info ] [MainThread]: 
[0m20:33:40.962749 [error] [MainThread]:   Runtime Error in test not_null_fct_customer_transactions_transaction_count (models/marts/schema.yml)
  Binder Error: Referenced column "transaction_count" not found in FROM clause!
  Candidate bindings: "total_transactions", "completed_transactions", "pending_transactions", "total_amount", "last_transaction_date"
  
  LINE 15: where transaction_count is null
                 ^
[0m20:33:40.963152 [info ] [MainThread]: 
[0m20:33:40.963552 [info ] [MainThread]: Done. PASS=10 WARN=0 ERROR=6 SKIP=0 TOTAL=16
[0m20:33:40.964773 [debug] [MainThread]: Resource report: {"command_name": "test", "command_wall_clock_time": 1.3966455, "process_user_time": 2.589031, "process_kernel_time": 0.314937, "process_mem_max_rss": "151060", "process_in_blocks": "1472", "process_out_blocks": "2264", "command_success": false}
[0m20:33:40.965427 [debug] [MainThread]: Command `dbt test` failed at 20:33:40.965301 after 1.40 seconds
[0m20:33:40.965892 [debug] [MainThread]: Sending event: {'category': 'dbt', 'action': 'invocation', 'label': 'end', 'context': [<snowplow_tracker.self_describing_json.SelfDescribingJson object at 0x711c2dfa08e0>, <snowplow_tracker.self_describing_json.SelfDescribingJson object at 0x711c2cc90df0>, <snowplow_tracker.self_describing_json.SelfDescribingJson object at 0x711c223e6ad0>]}
[0m20:33:40.966396 [debug] [MainThread]: Flushing usage events
